日付け,終値,始値,高値,安値,出来高,変化率 %
2022年07月29日,115.36,115.59,116.50,114.79,12.94M,0.48%
2022年07月28日,114.81,115.25,115.98,113.53,10.38M,-0.37%
2022年07月27日,115.24,114.01,115.74,113.30,9.27M,1.60%
2022年07月26日,113.42,114.58,115.58,113.03,10.68M,-1.56%
2022年07月25日,115.22,115.84,116.46,114.77,9.39M,0.40%
2022年07月22日,114.76,115.24,116.25,113.67,7.65M,-0.49%
2022年07月21日,115.32,114.44,115.53,113.37,11.60M,0.68%
2022年07月20日,114.54,114.10,114.74,113.48,11.67M,-0.02%
2022年07月19日,114.56,113.13,114.93,112.67,11.86M,2.48%
2022年07月18日,111.79,114.77,115.84,111.29,13.98M,-1.03%
2022年07月15日,112.95,109.16,113.88,107.67,18.86M,4.58%
2022年07月14日,108.00,107.99,108.23,106.06,26.20M,-3.49%
2022年07月13日,111.91,111.75,112.48,110.38,12.98M,-0.94%
2022年07月12日,112.97,112.58,115.18,112.26,11.25M,0.10%
2022年07月11日,112.86,113.55,114.23,112.21,7.94M,-1.31%
2022年07月08日,114.36,115.16,115.65,113.61,8.81M,-0.31%
2022年07月07日,114.72,113.50,114.90,113.40,10.35M,2.53%
2022年07月06日,111.89,111.73,112.99,110.79,10.66M,-0.65%
2022年07月05日,112.62,110.77,112.71,109.30,12.52M,-1.25%
2022年07月01日,114.05,112.65,114.42,111.16,10.57M,1.28%
2022年06月30日,112.61,113.17,114.07,110.93,15.17M,-2.33%
2022年06月29日,115.30,116.00,116.82,114.73,9.34M,-0.45%
2022年06月28日,115.82,117.67,119.29,115.60,11.62M,-0.48%
2022年06月27日,116.38,118.06,118.50,115.64,11.28M,-0.80%
2022年06月24日,117.32,113.23,117.82,112.83,14.84M,2.98%
2022年06月23日,113.92,115.01,115.18,111.48,11.85M,-1.09%
2022年06月22日,115.18,114.88,116.20,114.39,9.85M,-0.56%
2022年06月21日,115.83,115.86,117.03,115.04,11.68M,2.48%
2022年06月17日,113.03,113.54,114.63,112.16,30.92M,-0.35%
2022年06月16日,113.43,113.86,114.26,111.87,16.72M,-1.72%
2022年06月15日,115.41,115.62,116.95,113.17,14.08M,1.18%
2022年06月14日,114.06,115.55,117.32,113.22,13.36M,-1.66%
2022年06月13日,115.99,116.86,117.95,115.06,16.81M,-2.98%
2022年06月10日,119.55,122.59,123.40,119.32,12.95M,-4.60%
2022年06月09日,125.31,127.37,128.10,125.27,13.57M,-2.10%
2022年06月08日,128.00,129.00,129.45,126.90,8.42M,-1.59%
2022年06月07日,130.07,128.83,130.32,128.62,6.72M,0.26%
2022年06月06日,129.73,131.09,132.39,129.46,11.32M,-0.33%
2022年06月03日,130.16,131.21,131.77,129.99,8.60M,-1.39%
2022年06月02日,132.00,129.90,132.01,128.67,8.37M,1.61%
2022年06月01日,129.91,132.87,132.87,128.67,10.77M,-1.75%
2022年05月31日,132.23,130.18,133.15,129.71,17.02M,0.73%
2022年05月27日,131.27,130.16,131.27,129.14,11.18M,1.41%
2022年05月26日,129.44,128.37,130.19,128.21,15.99M,1.73%
2022年05月25日,127.24,126.28,127.86,125.17,12.78M,0.70%
2022年05月24日,126.36,124.36,127.49,123.11,19.32M,1.41%
2022年05月23日,124.60,120.46,126.57,120.45,24.38M,6.19%
2022年05月20日,117.34,119.46,119.67,115.02,13.15M,-0.82%
2022年05月19日,118.31,118.19,119.65,117.63,12.77M,-1.48%
2022年05月18日,120.09,121.30,121.97,119.53,12.66M,-1.71%
2022年05月17日,122.18,121.04,122.97,120.81,11.16M,3.31%
2022年05月16日,118.26,118.54,119.46,117.23,10.27M,-0.70%
2022年05月13日,119.09,119.41,120.25,117.96,10.44M,0.89%
2022年05月12日,118.04,117.00,118.32,115.37,16.32M,-0.08%
2022年05月11日,118.14,119.30,122.89,117.94,14.63M,-0.63%
2022年05月10日,118.89,123.11,123.78,117.56,16.38M,-2.44%
2022年05月09日,121.86,122.11,123.33,120.50,14.31M,-1.50%
2022年05月06日,123.72,123.80,124.29,121.18,14.42M,-0.16%
2022年05月05日,123.92,125.25,126.10,122.16,15.06M,-2.50%
2022年05月04日,127.10,122.80,127.40,122.74,17.13M,3.31%
2022年05月03日,123.03,121.53,124.17,120.78,15.72M,2.14%
2022年05月02日,120.45,119.88,120.71,118.22,18.54M,0.91%
2022年04月29日,119.36,123.05,123.61,118.90,14.87M,-3.23%
2022年04月28日,123.34,122.81,123.65,121.14,13.02M,1.58%
2022年04月27日,121.42,122.33,123.56,121.22,17.22M,-1.30%
2022年04月26日,123.02,124.64,126.41,122.87,17.21M,-2.96%
2022年04月25日,126.77,126.01,127.11,123.11,17.15M,-0.03%
2022年04月22日,126.81,130.28,130.52,126.69,14.32M,-2.87%
2022年04月21日,130.56,132.22,132.81,129.96,12.17M,-0.78%
2022年04月20日,131.58,132.52,133.51,131.34,13.43M,0.35%
2022年04月19日,131.12,128.45,131.32,128.23,15.02M,2.07%
2022年04月18日,128.46,125.67,129.24,125.54,11.83M,1.86%
2022年04月14日,126.12,126.50,128.30,125.02,18.84M,-0.93%
2022年04月13日,127.30,126.94,129.25,126.01,30.84M,-3.22%
2022年04月12日,131.54,132.14,134.58,130.70,12.99M,-1.10%
2022年04月11日,133.00,133.00,134.90,132.57,10.47M,-0.37%
2022年04月08日,133.49,131.67,133.90,131.49,13.13M,1.83%
2022年04月07日,131.09,130.95,131.92,128.73,12.99M,-0.30%
2022年04月06日,131.49,131.58,132.56,130.96,12.91M,-1.39%
2022年04月05日,133.34,134.07,135.40,133.01,12.11M,-1.89%
2022年04月04日,135.91,134.12,136.94,132.89,17.42M,0.44%
2022年04月01日,135.31,137.40,137.41,133.80,15.72M,-0.74%
2022年03月31日,136.32,139.83,140.35,136.26,17.35M,-3.00%
2022年03月30日,140.54,141.90,142.12,139.91,8.77M,-0.45%
2022年03月29日,141.18,143.35,143.60,140.24,11.32M,0.22%
2022年03月28日,140.87,140.00,140.97,137.90,10.82M,-0.74%
2022年03月25日,141.92,141.09,143.18,140.80,8.39M,0.87%
2022年03月24日,140.69,140.30,140.71,139.11,10.02M,0.65%
2022年03月23日,139.78,140.98,141.59,139.20,12.09M,-1.99%
2022年03月22日,142.62,142.27,143.93,141.72,13.55M,2.13%
2022年03月21日,139.65,140.35,140.76,138.73,12.68M,-0.32%
2022年03月18日,140.10,140.19,140.85,138.46,23.66M,-0.04%
2022年03月17日,140.15,136.86,140.19,135.92,17.05M,1.26%
2022年03月16日,138.40,134.87,138.49,134.43,20.35M,4.47%
2022年03月15日,132.48,131.80,133.55,131.13,15.10M,1.77%
2022年03月14日,130.17,129.46,132.92,129.23,15.79M,0.99%
2022年03月11日,128.89,132.49,134.08,128.42,20.06M,-2.25%
2022年03月10日,131.86,131.86,133.45,130.32,15.60M,-1.18%
2022年03月09日,133.44,132.90,135.24,132.44,17.54M,4.01%
2022年03月08日,128.30,129.64,131.79,127.27,19.21M,-0.70%
2022年03月07日,129.21,132.17,132.69,128.95,27.56M,-3.86%
2022年03月04日,134.40,134.94,135.42,132.40,21.02M,-2.81%
2022年03月03日,138.29,139.84,140.98,137.06,16.64M,-0.71%
2022年03月02日,139.28,137.29,140.04,136.61,19.41M,2.07%
2022年03月01日,136.45,140.04,140.48,133.58,36.84M,-3.77%
2022年02月28日,141.80,143.55,145.06,140.88,31.32M,-4.17%
2022年02月25日,147.97,145.25,150.13,144.91,18.37M,2.37%
2022年02月24日,144.55,142.94,144.99,139.78,25.66M,-2.78%
2022年02月23日,148.69,153.12,153.30,147.97,11.80M,-2.09%
2022年02月22日,151.87,150.60,153.24,150.41,11.33M,-0.18%
2022年02月18日,152.14,152.13,154.14,151.13,11.73M,0.47%
2022年02月17日,151.43,153.00,153.73,150.66,11.37M,-2.30%
2022年02月16日,155.00,153.74,156.10,153.74,9.08M,0.18%
2022年02月15日,154.72,154.51,155.94,153.85,9.50M,1.46%
2022年02月14日,152.49,152.73,153.68,150.32,17.03M,-0.93%
2022年02月11日,153.92,155.61,158.19,152.97,16.83M,-1.30%
2022年02月10日,155.95,156.66,159.03,155.22,16.46M,-0.42%
2022年02月09日,156.60,156.59,157.43,155.82,9.13M,0.42%
2022年02月08日,155.95,155.00,158.48,154.80,20.41M,1.88%
2022年02月07日,153.07,153.27,153.62,150.85,12.57M,0.33%
2022年02月04日,152.56,149.10,153.50,148.77,16.65M,2.60%
2022年02月03日,148.70,150.00,151.65,148.29,12.47M,-0.83%
2022年02月02日,149.94,150.50,150.94,148.07,12.44M,-0.80%
2022年02月01日,151.15,148.69,151.47,148.30,14.58M,1.72%
2022年01月31日,148.60,145.64,148.79,144.67,13.99M,1.36%
2022年01月28日,146.61,144.19,146.76,142.17,14.12M,0.89%
2022年01月27日,145.31,149.42,150.38,144.13,17.54M,-1.76%
2022年01月26日,147.92,148.72,150.57,145.96,20.71M,0.95%
2022年01月25日,146.53,143.65,146.85,140.79,18.92M,1.09%
2022年01月24日,144.95,142.28,145.48,139.57,28.50M,-0.09%
2022年01月21日,145.08,147.50,147.51,144.27,20.71M,-1.75%
2022年01月20日,147.66,148.99,150.61,147.36,14.86M,-0.85%
2022年01月19日,148.93,151.57,152.23,148.55,22.38M,-1.55%
2022年01月18日,151.27,155.78,155.78,150.54,32.35M,-4.19%
2022年01月14日,157.89,160.76,161.03,156.90,40.16M,-6.15%
2022年01月13日,168.23,168.34,169.81,167.89,13.62M,-0.12%
2022年01月12日,168.44,168.46,169.59,167.18,12.57M,0.57%
2022年01月11日,167.49,168.26,168.52,166.31,11.85M,0.10%
2022年01月10日,167.32,169.07,169.31,165.53,12.92M,0.10%
2022年01月07日,167.16,165.66,167.53,165.06,13.91M,0.99%
2022年01月06日,165.52,166.91,167.37,163.87,14.05M,1.06%
2022年01月05日,163.78,167.82,168.36,163.73,17.54M,-2.41%
2022年01月04日,167.83,164.31,168.58,164.23,20.20M,3.79%
2022年01月03日,161.70,159.86,162.64,159.51,13.13M,2.12%
2021年12月31日,158.35,158.45,159.29,157.96,5.81M,-0.08%
2021年12月30日,158.48,159.11,160.24,158.37,6.95M,-0.05%
2021年12月29日,158.56,158.85,159.63,158.15,6.40M,-0.05%
2021年12月28日,158.64,158.20,160.15,158.08,6.34M,0.30%
2021年12月27日,158.16,157.60,158.20,156.34,6.19M,0.57%
2021年12月23日,157.26,157.61,159.12,157.21,8.06M,0.36%
2021年12月22日,156.70,155.75,157.05,155.24,7.27M,0.39%
2021年12月21日,156.09,155.41,157.18,155.09,11.29M,1.40%
2021年12月20日,153.94,154.51,154.70,151.84,15.15M,-1.80%
2021年12月17日,156.76,159.32,159.38,155.18,28.14M,-2.28%
2021年12月16日,160.41,160.39,161.82,158.70,19.54M,1.56%
2021年12月15日,157.94,159.85,159.85,157.35,14.01M,-0.75%
2021年12月14日,159.13,157.45,160.89,157.30,12.56M,0.77%
2021年12月13日,157.92,159.50,159.79,157.28,12.07M,-1.19%
2021年12月10日,159.82,161.32,161.70,159.13,10.41M,-0.40%
2021年12月09日,160.46,159.65,160.93,158.65,11.19M,-0.16%
2021年12月08日,160.71,162.66,163.27,160.17,11.71M,-1.14%
2021年12月07日,162.57,161.88,163.39,161.16,9.85M,1.50%
2021年12月06日,160.16,161.01,162.61,159.46,11.19M,1.18%
2021年12月03日,158.29,161.50,161.83,157.19,12.68M,-1.81%
2021年12月02日,161.21,159.83,163.25,158.80,12.97M,2.10%
2021年12月01日,157.89,161.00,163.27,157.80,12.26M,-0.59%
2021年11月30日,158.83,159.15,160.63,158.29,18.92M,-1.49%
2021年11月29日,161.23,163.31,164.78,159.82,12.10M,-0.43%
2021年11月26日,161.93,162.14,162.65,158.82,13.62M,-3.01%
2021年11月24日,166.96,168.46,169.44,166.44,9.63M,-0.78%
2021年11月23日,168.28,165.50,168.55,165.37,12.36M,2.39%
2021年11月22日,164.35,164.16,165.98,162.99,14.55M,2.13%
2021年11月19日,160.92,161.30,162.11,159.45,12.19M,-1.31%
2021年11月18日,163.05,164.39,164.85,162.56,8.12M,-0.86%
2021年11月17日,164.47,165.21,165.56,163.39,9.91M,-0.54%
2021年11月16日,165.36,167.06,167.07,165.12,9.71M,-0.72%
2021年11月15日,166.56,167.21,167.79,166.00,6.49M,-0.18%
2021年11月12日,166.86,167.65,167.74,165.72,8.11M,-0.45%
2021年11月11日,167.61,167.52,168.68,166.90,5.82M,-0.01%
2021年11月10日,167.62,167.45,168.95,167.09,7.00M,-0.10%
2021年11月09日,167.78,167.35,168.47,166.60,7.99M,-0.76%
2021年11月08日,169.06,169.05,170.92,168.74,6.41M,0.60%
2021年11月05日,168.05,168.90,170.09,167.41,7.98M,-0.14%
2021年11月04日,168.29,170.00,170.20,166.49,9.57M,-1.31%
2021年11月03日,170.53,170.13,171.13,169.15,8.40M,0.04%
2021年11月02日,170.47,169.80,171.69,168.92,7.17M,0.39%
2021年11月01日,169.80,172.04,172.33,169.01,7.44M,-0.05%
2021年10月29日,169.89,171.18,172.24,169.39,8.14M,-0.28%
2021年10月28日,170.36,168.30,170.51,167.96,7.21M,1.51%
2021年10月27日,167.83,170.32,170.70,167.34,9.85M,-2.08%
2021年10月26日,171.40,171.00,172.49,170.54,8.02M,0.27%
2021年10月25日,170.94,172.71,172.96,170.48,10.16M,-0.49%
2021年10月22日,171.78,170.03,172.09,169.70,8.82M,1.35%
2021年10月21日,169.50,170.76,171.33,168.68,8.42M,-0.78%
2021年10月20日,170.84,168.30,170.87,167.46,8.19M,1.35%
2021年10月19日,168.57,167.40,168.65,166.58,8.05M,1.21%
2021年10月18日,166.55,166.48,168.61,165.91,12.67M,-0.04%
2021年10月15日,166.61,165.35,167.17,164.14,14.27M,1.92%
2021年10月14日,163.47,161.75,164.01,160.06,15.18M,1.53%
2021年10月13日,161.00,164.07,165.41,160.60,22.75M,-2.64%
2021年10月12日,165.36,165.75,166.69,164.77,13.03M,-0.77%
2021年10月11日,166.64,170.80,171.29,166.46,12.15M,-2.10%
2021年10月08日,170.22,170.02,171.34,169.29,8.19M,0.08%
2021年10月07日,170.09,171.20,171.51,169.54,10.20M,0.63%
2021年10月06日,169.02,167.99,169.10,166.00,8.69M,0.21%
2021年10月05日,168.66,167.21,170.14,166.67,12.29M,1.02%
2021年10月04日,166.95,166.97,170.44,165.73,14.12M,-0.11%
2021年10月01日,167.13,164.00,168.30,163.60,11.28M,2.10%
2021年09月30日,163.69,166.92,166.99,162.79,13.17M,-1.36%
2021年09月29日,165.95,166.21,166.90,165.04,7.78M,-0.08%
2021年09月28日,166.08,167.70,169.30,165.66,13.39M,-0.54%
2021年09月27日,166.98,165.00,167.40,164.61,13.22M,2.42%
2021年09月24日,163.04,161.44,163.59,160.82,10.10M,1.15%
2021年09月23日,161.18,158.00,161.71,157.67,12.34M,3.38%
2021年09月22日,155.91,155.20,157.25,155.10,11.24M,1.92%
2021年09月21日,152.98,153.53,154.55,152.58,9.00M,0.01%
2021年09月20日,152.96,153.89,154.56,150.49,15.82M,-2.99%
2021年09月17日,157.68,157.38,159.01,157.00,25.61M,-0.26%
2021年09月16日,158.09,159.41,160.85,157.22,10.88M,-0.04%
2021年09月15日,158.16,156.72,158.69,156.47,11.69M,0.69%
2021年09月14日,157.07,160.45,161.34,156.26,11.69M,-1.75%
2021年09月13日,159.86,158.53,160.05,158.07,10.05M,1.59%
2021年09月10日,157.36,160.56,160.72,157.22,8.31M,-1.15%
2021年09月09日,159.19,158.27,160.83,158.08,7.90M,0.44%
2021年09月08日,158.50,158.89,159.58,158.04,7.85M,-0.45%
2021年09月07日,159.21,159.99,161.38,158.96,9.29M,-0.18%
2021年09月03日,159.49,160.39,160.89,159.15,7.96M,-0.60%
2021年09月02日,160.46,160.02,161.61,159.43,8.82M,0.46%
2021年09月01日,159.72,160.22,160.76,158.97,8.73M,-0.14%
2021年08月31日,159.95,160.44,161.37,159.35,12.34M,-0.31%
2021年08月30日,160.44,163.21,163.49,159.88,7.94M,-1.60%
2021年08月27日,163.05,161.75,163.16,161.26,8.78M,0.80%
2021年08月26日,161.75,162.26,163.83,161.15,11.03M,0.52%
2021年08月25日,160.92,158.51,161.78,157.80,11.34M,2.06%
2021年08月24日,157.67,157.00,158.55,156.87,7.67M,0.62%
2021年08月23日,156.70,155.33,157.09,155.24,7.93M,1.28%
2021年08月20日,154.72,154.35,154.90,153.16,6.97M,0.29%
2021年08月19日,154.28,153.16,155.56,153.01,9.52M,-0.84%
2021年08月18日,155.58,156.31,158.01,155.34,8.07M,-0.91%
2021年08月17日,157.01,157.57,158.86,155.27,9.35M,-1.21%
2021年08月16日,158.93,158.94,159.03,156.78,8.76M,-0.66%
2021年08月13日,159.98,161.79,162.16,159.57,8.98M,-1.12%
2021年08月12日,161.79,161.88,162.37,160.55,8.85M,0.39%
2021年08月11日,161.16,160.00,161.50,159.08,9.16M,1.19%
2021年08月10日,159.26,156.74,159.98,156.31,8.67M,1.23%
2021年08月09日,157.33,157.52,158.55,155.90,9.52M,-0.11%
2021年08月06日,157.50,155.19,157.82,155.11,13.33M,2.84%
2021年08月05日,153.15,152.28,153.69,152.01,9.15M,1.26%
2021年08月04日,151.24,151.25,153.37,150.91,10.15M,-1.08%
2021年08月03日,152.89,151.95,153.32,149.52,10.39M,1.14%
2021年08月02日,151.17,152.03,154.45,151.07,10.20M,-0.40%
2021年07月30日,151.78,152.58,153.67,151.20,9.81M,-0.80%
2021年07月29日,153.00,153.14,153.87,151.91,9.06M,0.86%
2021年07月28日,151.70,152.29,152.77,150.88,9.22M,0.17%
2021年07月27日,151.45,150.40,152.49,149.80,11.22M,-0.13%
2021年07月26日,151.65,150.19,151.96,150.17,8.21M,0.67%
2021年07月23日,150.64,151.48,152.84,150.25,9.67M,-0.19%
2021年07月22日,150.93,152.88,153.44,149.97,9.91M,-1.26%
2021年07月21日,152.86,152.05,153.65,151.36,12.36M,2.10%
2021年07月20日,149.71,146.52,151.12,146.33,15.39M,1.86%
2021年07月19日,146.97,148.55,149.82,145.71,22.17M,-3.25%
2021年07月16日,151.91,155.96,156.28,151.02,14.00M,-2.28%
2021年07月15日,155.46,153.90,156.53,153.70,11.54M,0.22%
2021年07月14日,155.12,155.95,157.28,152.95,14.62M,-0.34%
2021年07月13日,155.65,156.05,157.39,153.50,22.67M,-1.49%
2021年07月12日,158.00,154.35,159.16,153.94,19.94M,1.43%
2021年07月09日,155.77,153.05,156.15,152.58,13.69M,3.20%
2021年07月08日,150.94,151.61,152.53,150.04,17.83M,-1.73%
2021年07月07日,153.59,152.01,154.28,151.55,12.27M,0.12%
2021年07月06日,153.41,155.78,155.78,152.35,15.08M,-1.68%
2021年07月02日,156.03,155.95,156.32,155.12,11.43M,-0.67%
2021年07月01日,157.08,156.26,157.14,155.41,10.48M,0.99%
2021年06月30日,155.54,153.75,156.08,153.71,12.53M,0.91%
2021年06月29日,154.14,155.00,156.31,153.61,14.53M,-0.12%
2021年06月28日,154.33,153.70,154.48,152.12,14.13M,0.18%
2021年06月25日,154.05,152.59,154.49,151.67,15.48M,1.01%
2021年06月24日,152.51,151.92,153.12,151.22,13.73M,0.92%
2021年06月23日,151.12,150.20,152.04,150.09,12.73M,0.61%
2021年06月22日,150.21,150.60,150.97,148.66,14.25M,-0.15%
2021年06月21日,150.43,149.08,151.20,149.02,18.66M,1.70%
2021年06月18日,147.92,149.30,149.70,147.56,43.60M,-2.53%
2021年06月17日,151.76,157.10,157.46,151.25,29.72M,-2.89%
2021年06月16日,156.27,154.73,157.62,153.11,25.32M,0.70%
2021年06月15日,155.18,156.70,156.92,154.13,24.49M,-1.52%
2021年06月14日,157.57,160.15,160.33,156.65,19.92M,-1.70%
2021年06月11日,160.29,160.43,161.20,159.06,13.68M,-0.07%
2021年06月10日,160.40,164.36,165.24,160.31,12.12M,-1.56%
2021年06月09日,162.94,164.14,164.22,162.28,12.38M,-1.25%
2021年06月08日,165.00,164.49,165.76,163.16,10.37M,-0.40%
2021年06月07日,165.66,167.00,167.10,165.14,7.27M,-0.47%
2021年06月04日,166.44,166.21,166.67,165.03,8.51M,0.16%
2021年06月03日,166.17,165.41,167.24,164.66,13.35M,0.07%
2021年06月02日,166.06,167.26,167.44,165.53,10.50M,0.01%
2021年06月01日,166.05,165.87,166.91,165.48,9.45M,1.10%
2021年05月28日,164.24,164.68,164.94,163.26,10.29M,-0.07%
2021年05月27日,164.35,163.95,164.75,162.57,15.71M,1.56%
2021年05月26日,161.83,163.57,163.74,161.30,13.06M,-0.01%
2021年05月25日,161.85,163.85,165.70,161.56,12.61M,-1.03%
2021年05月24日,163.54,163.36,164.23,162.12,9.44M,0.54%
2021年05月21日,162.66,161.34,163.22,160.94,10.25M,1.14%
2021年05月20日,160.83,160.83,161.86,159.52,10.43M,-0.17%
2021年05月19日,161.11,161.00,161.18,158.64,13.28M,-0.76%
2021年05月18日,162.35,164.68,165.50,162.24,11.10M,-1.41%
2021年05月17日,164.67,163.37,164.85,163.03,9.89M,0.40%
2021年05月14日,164.01,162.39,164.45,161.99,10.58M,1.55%
2021年05月13日,161.50,158.18,162.45,157.68,15.40M,2.57%
2021年05月12日,157.45,159.61,160.78,157.03,14.38M,-0.69%
2021年05月11日,158.54,161.08,162.39,158.04,15.45M,-1.66%
2021年05月10日,161.22,161.50,163.73,161.12,14.01M,-0.01%
2021年05月07日,161.24,157.22,161.50,157.02,14.26M,0.34%
2021年05月06日,160.69,158.07,160.82,157.16,13.54M,2.01%
2021年05月05日,157.52,156.00,158.28,154.63,10.51M,1.31%
2021年05月04日,155.48,152.87,155.64,152.14,12.98M,1.38%
2021年05月03日,153.36,154.85,155.48,153.13,11.80M,-0.29%
2021年04月30日,153.81,154.10,154.49,153.01,11.71M,-0.89%
2021年04月29日,155.19,153.54,155.28,153.20,12.98M,1.94%
2021年04月28日,152.23,152.43,152.89,151.40,8.94M,0.65%
2021年04月27日,151.25,150.50,151.57,150.11,12.82M,0.46%
2021年04月26日,150.56,150.78,152.46,150.38,10.80M,0.25%
2021年04月23日,150.19,147.18,151.13,146.68,14.04M,1.91%
2021年04月22日,147.37,150.23,150.30,147.26,15.26M,-2.11%
2021年04月21日,150.54,147.79,150.61,146.79,12.24M,0.85%
2021年04月20日,149.27,151.74,151.75,148.65,13.72M,-2.21%
2021年04月19日,152.65,153.42,153.88,152.22,11.90M,-0.42%
2021年04月16日,153.30,153.87,154.51,152.69,13.77M,0.74%
2021年04月15日,152.17,151.25,152.20,149.32,17.69M,0.63%
2021年04月14日,151.21,151.47,153.83,150.93,19.94M,-1.87%
2021年04月13日,154.09,154.75,155.20,152.43,16.11M,-1.19%
2021年04月12日,155.95,155.58,157.25,155.57,12.27M,-0.21%
2021年04月09日,156.28,155.81,157.04,154.97,12.12M,0.75%
2021年04月08日,155.12,154.00,155.51,152.31,12.34M,0.12%
2021年04月07日,154.93,153.10,155.23,152.65,16.90M,1.57%
2021年04月06日,152.54,152.79,154.28,151.86,13.07M,-0.70%
2021年04月05日,153.62,154.40,154.94,152.60,13.51M,-0.06%
2021年04月01日,153.71,151.90,153.79,151.55,16.56M,0.97%
2021年03月31日,152.23,153.28,154.49,152.12,16.74M,-1.46%
2021年03月30日,154.48,154.46,155.87,153.88,13.18M,1.18%
2021年03月29日,152.68,152.12,153.73,151.04,17.57M,-1.55%
2021年03月26日,155.09,154.30,155.45,152.55,16.75M,1.67%
2021年03月25日,152.55,150.00,152.97,149.33,15.61M,1.28%
2021年03月24日,150.62,150.00,153.18,149.86,13.08M,0.78%
2021年03月23日,149.46,150.33,152.12,148.96,17.08M,-1.00%
2021年03月22日,150.97,152.80,153.97,150.61,19.94M,-2.69%
2021年03月19日,155.14,155.51,155.94,151.19,54.42M,-1.59%
2021年03月18日,157.65,157.60,161.69,157.11,21.90M,1.65%
2021年03月17日,155.09,155.34,156.88,153.05,13.95M,1.03%
2021年03月16日,153.51,154.09,154.60,152.19,12.81M,-1.20%
2021年03月15日,155.37,156.35,156.92,153.96,12.10M,-0.50%
2021年03月12日,156.15,156.86,157.63,155.07,12.85M,1.19%
2021年03月11日,154.32,154.11,156.15,153.36,11.77M,-0.52%
2021年03月10日,155.13,151.91,156.16,151.51,14.34M,2.17%
2021年03月09日,151.83,151.50,154.25,149.82,16.24M,-0.71%
2021年03月08日,152.91,152.47,155.46,150.75,17.13M,1.33%
2021年03月05日,150.91,153.21,153.49,147.97,18.47M,0.23%
2021年03月04日,150.56,152.61,154.38,148.62,20.09M,-1.54%
2021年03月03日,152.91,151.23,154.98,150.82,14.32M,1.93%
2021年03月02日,150.01,150.08,151.78,149.84,14.22M,-0.33%
2021年03月01日,150.50,149.52,151.38,148.48,14.85M,2.26%
2021年02月26日,147.17,150.30,150.87,146.51,19.83M,-2.65%
2021年02月25日,151.18,154.27,154.90,150.59,18.13M,-1.36%
2021年02月24日,153.26,150.11,153.76,150.11,15.06M,1.76%
2021年02月23日,150.61,151.51,152.31,149.59,16.23M,0.80%
2021年02月22日,149.41,146.87,150.19,146.79,11.49M,0.94%
2021年02月19日,148.02,145.86,148.84,145.86,11.97M,1.67%
2021年02月18日,145.59,144.00,145.79,143.40,10.59M,0.34%
2021年02月17日,145.10,143.95,145.38,143.12,10.83M,0.31%
2021年02月16日,144.65,143.55,145.32,142.40,12.13M,2.41%
2021年02月12日,141.25,139.05,141.61,139.00,8.32M,1.42%
2021年02月11日,139.27,139.66,140.55,138.22,9.20M,-0.28%
2021年02月10日,139.66,140.00,140.87,139.04,10.32M,0.06%
2021年02月09日,139.58,139.43,139.98,138.54,8.61M,-0.40%
2021年02月08日,140.14,138.20,140.30,138.18,10.14M,1.57%
2021年02月05日,137.98,139.39,139.49,137.38,10.05M,-0.20%
2021年02月04日,138.25,135.47,138.66,135.47,12.42M,2.30%
2021年02月03日,135.14,133.65,135.76,133.51,10.60M,1.15%
2021年02月02日,133.61,131.94,134.39,131.22,12.25M,3.08%
2021年02月01日,129.62,129.40,130.07,128.48,11.08M,0.74%
2021年01月29日,128.67,131.19,131.72,128.19,14.81M,-1.11%
2021年01月28日,130.11,129.90,132.17,128.99,13.76M,1.76%
2021年01月27日,127.86,129.59,129.85,127.35,17.60M,-2.83%
2021年01月26日,131.58,132.75,133.17,131.34,11.31M,-0.41%
2021年01月25日,132.12,132.14,133.17,130.06,14.21M,-1.25%
2021年01月22日,133.79,132.69,134.40,132.20,12.93M,-0.77%
2021年01月21日,134.83,135.69,136.16,134.32,13.42M,-0.84%
2021年01月20日,135.97,137.82,138.17,135.43,16.03M,-1.50%
2021年01月19日,138.04,139.86,140.70,137.82,19.84M,-0.43%
2021年01月15日,138.64,137.43,141.65,137.01,27.88M,-1.79%
2021年01月14日,141.17,140.49,142.75,140.00,18.57M,0.58%
2021年01月13日,140.35,138.59,140.79,138.10,14.82M,0.09%
2021年01月12日,140.22,139.44,141.66,138.83,18.03M,1.57%
2021年01月11日,138.05,134.58,138.20,134.11,15.95M,1.49%
2021年01月08日,136.02,135.97,136.35,134.12,12.04M,0.11%
2021年01月07日,135.87,135.69,138.19,134.92,21.94M,3.28%
2021年01月06日,131.55,129.88,132.77,127.88,24.91M,4.70%
2021年01月05日,125.65,124.99,126.30,123.77,13.73M,-0.17%
2021年01月04日,125.87,127.50,127.86,124.78,16.82M,-0.94%
2020年12月31日,127.07,125.09,127.33,124.82,8.58M,1.36%
2020年12月30日,125.36,125.49,125.85,124.90,7.40M,0.28%
2020年12月29日,125.01,126.20,126.28,124.89,8.39M,-0.26%
2020年12月28日,125.34,125.82,126.65,124.79,8.07M,0.66%
2020年12月24日,124.52,125.09,125.55,123.57,4.16M,-0.44%
2020年12月23日,125.07,122.78,126.52,122.35,14.97M,2.79%
2020年12月22日,121.67,123.39,123.52,121.61,11.81M,-1.52%
2020年12月21日,123.55,123.17,125.00,121.09,28.32M,3.75%
2020年12月18日,119.08,119.14,119.88,118.27,28.95M,-0.49%
2020年12月17日,119.67,121.26,121.45,119.58,11.62M,-0.83%
2020年12月16日,120.67,120.30,121.08,119.86,11.17M,0.29%
2020年12月15日,120.32,119.29,120.90,118.62,12.59M,1.71%
2020年12月14日,118.30,121.33,121.42,118.11,12.11M,-1.05%
2020年12月11日,119.56,118.94,120.02,118.37,9.98M,-0.59%
2020年12月10日,120.27,119.99,120.78,119.56,13.67M,-0.64%
2020年12月09日,121.05,123.17,123.30,120.44,13.07M,-0.78%
2020年12月08日,122.00,121.04,122.33,120.76,9.59M,0.10%
2020年12月07日,121.88,121.15,122.17,120.21,9.72M,-0.38%
2020年12月04日,122.34,122.48,123.29,121.69,13.58M,0.91%
2020年12月03日,121.24,121.85,121.89,120.36,12.90M,-0.66%
2020年12月02日,122.04,119.70,122.31,119.27,10.81M,1.92%
2020年12月01日,119.74,120.34,121.58,119.63,12.68M,1.58%
2020年11月30日,117.88,120.00,120.72,117.77,14.41M,-2.76%
2020年11月27日,121.22,122.00,122.35,121.08,5.98M,-0.66%
2020年11月25日,122.03,121.37,122.38,120.46,11.72M,-1.05%
2020年11月24日,123.32,120.07,123.50,119.71,20.12M,4.62%
2020年11月23日,117.87,116.05,118.17,115.57,13.21M,2.88%
2020年11月20日,114.57,114.43,115.65,114.09,12.72M,-0.86%
2020年11月19日,115.56,114.18,115.82,113.56,10.20M,0.27%
2020年11月18日,115.25,117.34,118.61,115.20,12.57M,-0.74%
2020年11月17日,116.11,115.39,116.44,114.58,14.55M,-1.01%
2020年11月16日,117.30,117.79,118.61,115.73,19.86M,2.82%
2020年11月13日,114.08,114.70,114.86,113.57,11.86M,0.63%
2020年11月12日,113.37,112.53,113.96,112.06,22.07M,-1.23%
2020年11月11日,114.78,116.89,116.96,113.96,14.44M,-1.49%
2020年11月10日,116.52,117.35,117.45,114.69,20.54M,-0.33%
2020年11月09日,116.90,113.16,118.90,110.35,47.79M,13.54%
2020年11月06日,102.96,105.03,105.10,102.39,12.55M,-1.33%
2020年11月05日,104.35,101.06,105.10,101.00,17.84M,4.09%
2020年11月04日,100.25,101.00,102.07,98.93,18.89M,-3.06%
2020年11月03日,103.41,103.02,104.74,102.69,17.48M,3.15%
2020年11月02日,100.25,99.39,100.88,97.86,15.01M,2.25%
2020年10月30日,98.04,97.91,98.42,96.23,15.20M,0.90%
2020年10月29日,97.17,96.12,97.98,95.24,14.21M,0.65%
2020年10月28日,96.54,97.50,98.30,96.07,16.39M,-2.81%
2020年10月27日,99.33,100.51,100.92,99.16,10.39M,-1.89%
2020年10月26日,101.24,102.65,102.70,100.25,12.41M,-2.48%
2020年10月23日,103.81,103.50,104.45,102.93,15.09M,0.90%
2020年10月22日,102.88,99.32,103.24,99.31,14.84M,3.53%
2020年10月21日,99.37,100.36,100.99,99.33,10.73M,-1.00%
2020年10月20日,100.37,100.31,101.77,100.12,11.26M,0.57%
2020年10月19日,99.80,101.60,101.87,99.56,11.73M,-1.68%
2020年10月16日,101.51,101.41,102.33,100.72,13.28M,-0.21%
2020年10月15日,101.72,99.10,101.78,99.04,17.17M,1.50%
2020年10月14日,100.22,101.03,101.93,100.10,15.21M,-0.56%
2020年10月13日,100.78,103.00,103.22,100.26,21.70M,-1.62%
2020年10月12日,102.44,101.10,103.00,100.85,16.06M,1.23%
2020年10月09日,101.20,102.00,102.11,100.11,13.69M,-0.57%
2020年10月08日,101.78,100.51,101.92,99.89,15.66M,2.06%
2020年10月07日,99.73,98.96,100.35,98.67,16.36M,1.74%
2020年10月06日,98.02,100.07,100.86,97.51,19.22M,-1.03%
2020年10月05日,99.04,98.32,99.25,97.53,13.87M,1.17%
2020年10月02日,97.89,95.25,98.59,95.09,15.15M,0.95%
2020年10月01日,96.97,97.12,97.77,96.03,15.78M,0.73%
2020年09月30日,96.27,95.35,97.20,95.26,16.40M,0.96%
2020年09月29日,95.35,96.03,96.03,94.33,12.85M,-0.84%
2020年09月28日,96.16,95.06,96.93,94.35,20.89M,2.88%
2020年09月25日,93.47,92.05,93.71,91.87,13.29M,0.87%
2020年09月24日,92.66,92.32,94.30,91.38,18.37M,-0.09%
2020年09月23日,92.74,94.78,95.35,92.66,19.95M,-1.62%
2020年09月22日,94.27,94.96,95.66,93.67,19.26M,-1.09%
2020年09月21日,95.31,95.20,96.05,93.82,28.38M,-3.09%
2020年09月18日,98.35,97.89,99.49,97.44,20.12M,-0.21%
2020年09月17日,98.56,98.70,99.34,97.71,18.29M,-1.14%
2020年09月16日,99.70,99.43,101.13,98.76,19.28M,0.42%
2020年09月15日,99.28,102.73,102.85,99.14,23.68M,-3.11%
2020年09月14日,102.47,101.51,103.46,101.37,19.02M,1.39%
2020年09月11日,101.07,99.97,101.36,99.59,13.78M,1.24%
2020年09月10日,99.83,101.40,102.42,99.64,15.92M,-1.03%
2020年09月09日,100.87,100.80,101.69,99.56,13.43M,0.95%
2020年09月08日,99.92,102.98,103.57,99.48,22.11M,-3.48%
2020年09月04日,103.52,104.05,105.21,101.37,26.33M,2.16%
2020年09月03日,101.33,103.32,104.99,100.64,23.28M,-0.31%
2020年09月02日,101.65,99.95,101.94,99.56,14.48M,1.51%
2020年09月01日,100.14,99.55,100.87,99.04,11.60M,-0.05%
2020年08月31日,100.19,102.12,102.18,100.02,14.22M,-2.51%
2020年08月28日,102.77,103.14,103.25,101.81,13.76M,0.41%
2020年08月27日,102.35,99.00,102.65,99.00,22.16M,3.29%
2020年08月26日,99.09,99.94,100.27,99.05,12.05M,-1.40%
2020年08月25日,100.50,101.27,101.98,99.80,13.65M,0.44%
2020年08月24日,100.06,98.45,100.21,97.42,17.90M,2.82%
2020年08月21日,97.32,97.27,98.57,96.94,12.23M,-0.05%
2020年08月20日,97.37,97.26,98.03,96.80,13.67M,-1.20%
2020年08月19日,98.55,98.92,100.59,98.34,13.53M,0.23%
2020年08月18日,98.32,99.91,99.91,98.12,13.25M,-1.39%
2020年08月17日,99.71,101.50,102.00,99.53,14.99M,-2.64%
2020年08月14日,102.41,101.50,103.31,101.42,12.13M,0.04%
2020年08月13日,102.37,102.00,103.36,101.64,13.60M,-0.55%
2020年08月12日,102.94,106.16,106.43,101.71,19.25M,-0.85%
2020年08月11日,103.82,103.86,106.16,103.51,31.52M,3.16%
2020年08月10日,100.64,100.11,102.04,100.03,14.99M,1.27%
2020年08月07日,99.38,96.93,99.49,96.56,14.74M,2.20%
2020年08月06日,97.24,97.58,98.10,96.54,10.48M,0.03%
2020年08月05日,97.21,95.87,98.47,95.72,15.35M,1.74%
2020年08月04日,95.55,95.91,95.95,95.03,13.37M,-0.57%
2020年08月03日,96.10,97.02,97.57,95.85,12.97M,-0.56%
2020年07月31日,96.64,96.48,96.93,95.25,14.54M,-0.39%
2020年07月30日,97.02,97.54,97.74,96.05,14.83M,-2.67%
2020年07月29日,99.68,97.07,99.71,97.00,12.74M,2.42%
2020年07月28日,97.32,96.50,97.89,96.50,11.75M,0.43%
2020年07月27日,96.90,97.51,97.63,96.17,11.96M,-1.40%
2020年07月24日,98.28,99.60,99.80,97.94,12.74M,-0.71%
2020年07月23日,98.98,98.50,99.35,97.97,12.87M,0.29%
2020年07月22日,98.69,99.65,100.13,97.53,14.27M,-0.72%
2020年07月21日,99.41,97.71,100.05,97.64,17.81M,2.17%
2020年07月20日,97.30,97.43,98.39,97.26,14.46M,-0.88%
2020年07月17日,98.16,100.00,100.08,98.14,16.16M,-1.85%
2020年07月16日,100.01,98.78,101.22,98.55,16.89M,0.28%
2020年07月15日,99.73,100.89,101.29,98.65,22.51M,1.55%
2020年07月14日,98.21,98.37,99.95,96.64,42.73M,0.57%
2020年07月13日,97.65,98.73,99.27,96.22,32.08M,1.43%
2020年07月10日,96.27,92.00,96.84,91.87,28.95M,5.47%
2020年07月09日,91.28,93.52,94.12,90.78,25.60M,-2.17%
2020年07月08日,93.30,92.29,93.34,91.80,18.76M,1.06%
2020年07月07日,92.32,93.82,94.10,92.00,25.76M,-2.82%
2020年07月06日,95.00,94.43,95.20,93.48,18.63M,2.53%
2020年07月02日,92.66,94.74,94.96,91.93,27.85M,-0.64%
2020年07月01日,93.26,94.89,95.71,93.03,18.76M,-0.85%
2020年06月30日,94.06,92.83,94.66,92.57,19.14M,1.14%
2020年06月29日,93.00,93.40,94.49,92.18,18.50M,0.44%
2020年06月26日,92.59,95.11,95.37,92.00,41.90M,-5.48%
2020年06月25日,97.96,94.35,98.21,94.26,25.74M,3.49%
2020年06月24日,94.66,96.75,96.84,94.31,22.92M,-3.34%
2020年06月23日,97.93,98.97,99.97,97.85,15.38M,1.22%
2020年06月22日,96.75,97.25,97.95,96.54,16.22M,-1.08%
2020年06月19日,97.81,100.53,100.60,96.73,40.37M,-1.14%
2020年06月18日,98.94,98.67,100.52,98.13,16.59M,-0.54%
2020年06月17日,99.48,102.53,102.54,99.21,15.64M,-2.53%
2020年06月16日,102.06,105.37,105.68,99.31,22.19M,0.80%
2020年06月15日,101.25,96.42,101.43,95.87,22.15M,1.38%
2020年06月12日,99.87,100.71,101.13,97.33,24.86M,2.74%
2020年06月11日,97.21,100.03,101.58,96.54,36.26M,-8.34%
2020年06月10日,106.06,110.46,110.50,105.85,24.91M,-4.05%
2020年06月09日,110.54,110.65,111.63,109.01,17.03M,-2.57%
2020年06月08日,113.45,113.41,114.19,111.94,24.88M,2.00%
2020年06月05日,111.23,114.93,115.77,109.53,42.23M,4.50%
2020年06月04日,106.44,103.82,106.61,102.79,26.78M,2.08%
2020年06月03日,104.27,101.58,104.92,101.06,25.94M,5.40%
2020年06月02日,98.93,100.28,100.42,97.93,21.19M,0.33%
2020年06月01日,98.60,97.75,99.51,97.38,15.21M,1.33%
2020年05月29日,97.31,98.66,99.18,96.78,26.54M,-2.55%
2020年05月28日,99.86,102.94,102.95,99.40,24.74M,-1.49%
2020年05月27日,101.37,102.07,102.58,98.80,39.40M,5.79%
2020年05月26日,95.82,92.89,97.50,92.61,41.23M,7.10%
2020年05月22日,89.47,90.01,90.36,88.72,13.56M,-0.78%
2020年05月21日,90.17,90.27,91.76,89.67,14.62M,-1.27%
2020年05月20日,91.33,90.71,92.39,90.37,20.55M,3.00%
2020年05月19日,88.67,90.05,91.20,88.59,19.60M,-1.97%
2020年05月18日,90.45,88.69,91.15,87.88,30.53M,5.30%
2020年05月15日,85.90,86.85,87.28,85.30,26.10M,-1.85%
2020年05月14日,87.52,82.72,88.11,82.40,35.15M,4.15%
2020年05月13日,84.03,86.38,86.86,83.40,35.45M,-3.45%
2020年05月12日,87.03,90.15,90.79,86.90,27.96M,-3.27%
2020年05月11日,89.97,91.11,91.11,89.33,31.91M,-2.94%
2020年05月08日,92.70,92.80,94.08,92.11,20.49M,1.63%
2020年05月07日,91.21,91.34,92.91,90.58,16.77M,1.04%
2020年05月06日,90.27,92.16,92.76,89.93,20.98M,-1.88%
2020年05月05日,92.00,93.65,94.21,91.90,18.06M,-0.15%
2020年05月04日,92.14,92.02,92.67,90.80,15.73M,-1.19%
2020年05月01日,93.25,93.50,93.74,91.83,18.55M,-2.62%
2020年04月30日,95.76,95.60,96.84,94.55,19.13M,-2.15%
2020年04月29日,97.86,99.08,99.45,97.27,20.46M,2.70%
2020年04月28日,95.29,97.81,98.36,95.03,20.24M,0.71%
2020年04月27日,94.62,91.94,95.63,91.54,22.87M,4.31%
2020年04月24日,90.71,90.64,91.10,88.49,15.82M,1.48%
2020年04月23日,89.39,89.74,91.28,89.26,16.64M,0.06%
2020年04月22日,89.34,90.69,91.87,89.18,16.71M,0.33%
2020年04月21日,89.05,88.62,91.38,88.33,23.04M,-2.90%
2020年04月20日,91.71,92.47,94.71,90.46,23.68M,-3.65%
2020年04月17日,95.18,92.00,95.70,90.96,30.19M,8.99%
2020年04月16日,87.33,90.23,90.57,87.05,32.45M,-3.81%
2020年04月15日,90.79,91.15,92.03,90.13,30.12M,-4.93%
2020年04月14日,95.50,101.02,102.00,93.64,46.15M,-2.74%
2020年04月13日,98.19,103.11,103.11,97.30,26.91M,-4.45%
2020年04月09日,102.76,96.92,104.39,96.89,42.08M,8.97%
2020年04月08日,94.30,92.10,94.86,90.55,22.90M,4.04%
2020年04月07日,90.64,94.45,94.50,90.38,22.56M,1.32%
2020年04月06日,89.46,88.99,90.99,87.70,26.82M,6.44%
2020年04月03日,84.05,86.00,87.48,82.77,21.20M,-3.95%
2020年04月02日,87.51,83.51,87.91,82.96,24.02M,3.73%
2020年04月01日,84.36,85.10,86.56,83.25,28.03M,-6.30%
2020年03月31日,90.03,92.05,94.17,89.34,23.38M,-3.71%
2020年03月30日,93.50,90.65,94.09,89.30,21.66M,2.60%
2020年03月27日,91.13,93.19,94.84,90.55,30.04M,-7.12%
2020年03月26日,98.12,94.08,98.57,93.54,29.84M,6.97%
2020年03月25日,91.73,89.24,95.15,84.54,38.11M,3.73%
2020年03月24日,88.43,84.90,90.10,82.90,34.36M,11.89%
2020年03月23日,79.03,82.68,83.75,78.09,32.54M,-5.35%
2020年03月20日,83.50,86.30,89.46,82.48,30.15M,-2.11%
2020年03月19日,85.30,81.56,88.11,76.91,32.18M,1.68%
2020年03月18日,83.89,87.67,90.79,80.36,41.53M,-10.53%
2020年03月17日,93.76,90.89,97.44,87.50,35.24M,6.11%
2020年03月16日,88.36,85.20,93.98,84.55,38.59M,-14.96%
2020年03月13日,103.91,95.99,103.99,92.00,38.54M,18.01%
2020年03月12日,88.05,89.59,96.96,86.32,49.73M,-8.24%
2020年03月11日,95.96,97.70,100.05,94.55,38.16M,-4.71%
2020年03月10日,100.70,99.00,101.28,94.58,31.10M,7.77%
2020年03月09日,93.44,96.57,99.23,93.00,40.35M,-13.55%
2020年03月06日,108.08,106.26,110.32,105.02,38.16M,-5.17%
2020年03月05日,113.97,115.67,116.43,112.58,25.03M,-4.91%
2020年03月04日,119.85,118.33,120.19,114.69,25.80M,2.47%
2020年03月03日,116.96,120.97,122.95,116.24,32.55M,-3.75%
2020年03月02日,121.52,116.63,121.58,114.46,27.36M,4.66%
2020年02月28日,116.11,117.52,118.49,112.66,45.94M,-4.33%
2020年02月27日,121.37,122.91,125.62,121.30,23.01M,-4.16%
2020年02月26日,126.64,126.93,128.95,126.34,24.84M,0.30%
2020年02月25日,126.26,131.00,132.23,125.59,20.80M,-4.46%
2020年02月24日,132.16,131.44,133.20,130.80,13.62M,-2.69%
2020年02月21日,135.81,136.55,136.92,134.92,9.77M,-1.22%
2020年02月20日,137.49,137.17,138.36,136.53,7.42M,0.00%
2020年02月19日,137.49,136.91,138.39,136.34,7.07M,1.36%
2020年02月18日,135.64,137.34,137.71,135.05,9.00M,-1.32%
2020年02月14日,137.46,137.84,138.19,136.94,6.63M,-0.30%
2020年02月13日,137.88,137.75,138.34,136.40,7.45M,-0.09%
2020年02月12日,138.00,138.60,139.28,137.80,7.96M,0.00%
2020年02月11日,138.00,138.26,138.82,137.78,6.58M,0.19%
2020年02月10日,137.74,136.95,137.85,136.75,5.96M,0.42%
2020年02月07日,137.17,136.73,137.67,136.30,6.38M,-0.32%
2020年02月06日,137.61,138.24,138.29,137.11,8.99M,0.01%
2020年02月05日,137.59,136.57,137.73,136.01,10.15M,1.70%
2020年02月04日,135.29,135.55,136.60,135.08,9.16M,1.44%
2020年02月03日,133.37,132.66,134.24,132.66,10.02M,0.76%
2020年01月31日,132.36,134.49,134.83,131.47,12.79M,-2.60%
2020年01月30日,135.89,132.69,136.13,132.69,9.05M,1.24%
2020年01月29日,134.23,134.81,135.54,133.69,9.33M,-0.15%
2020年01月28日,134.43,132.84,134.97,132.48,13.06M,1.82%
2020年01月27日,132.03,130.27,132.94,129.71,12.86M,-0.84%
2020年01月24日,133.15,136.37,136.43,132.32,15.17M,-2.48%
2020年01月23日,136.54,135.71,136.74,134.72,9.35M,-0.10%
2020年01月22日,136.68,137.24,137.40,136.38,7.55M,-0.12%
2020年01月21日,136.84,137.19,138.07,136.69,8.47M,-0.98%
2020年01月17日,138.20,137.54,138.28,137.32,14.70M,0.69%
2020年01月16日,137.25,137.45,137.90,136.84,10.78M,0.39%
2020年01月15日,136.72,137.85,138.60,136.15,16.29M,-1.50%
2020年01月14日,138.80,137.94,140.76,137.69,24.94M,1.17%
2020年01月13日,137.20,136.19,137.20,135.75,12.38M,0.83%
2020年01月10日,136.07,137.21,137.25,135.81,10.19M,-1.00%
2020年01月09日,137.44,138.05,138.23,137.04,9.47M,0.37%
2020年01月08日,136.94,135.70,137.58,135.60,9.70M,0.78%
2020年01月07日,135.88,137.28,137.86,135.82,10.58M,-1.70%
2020年01月06日,138.23,136.56,138.27,136.50,10.27M,-0.08%
2020年01月03日,138.34,137.50,139.23,137.08,10.39M,-1.95%
2020年01月02日,141.09,139.79,141.10,139.26,10.81M,1.21%
2019年12月31日,139.40,138.51,139.48,138.29,7.20M,0.56%
2019年12月30日,138.63,139.90,140.08,138.47,6.96M,-0.37%
2019年12月27日,139.14,139.30,139.77,138.67,7.87M,0.07%
2019年12月26日,139.04,137.89,139.10,137.78,6.77M,1.06%
2019年12月24日,137.58,137.33,137.63,137.06,3.32M,0.28%
2019年12月23日,137.20,137.60,137.91,136.88,9.74M,-0.03%
2019年12月20日,137.24,138.02,138.88,136.90,29.99M,-0.08%
2019年12月19日,137.35,137.76,138.22,137.10,9.35M,-0.50%
2019年12月18日,138.04,138.15,139.02,137.72,10.38M,-0.10%
2019年12月17日,138.18,137.73,138.67,137.23,11.55M,0.61%
2019年12月16日,137.34,138.38,138.84,137.32,11.37M,0.39%
2019年12月13日,136.81,137.95,138.83,136.22,10.59M,-0.88%
2019年12月12日,138.02,134.49,138.47,134.21,13.73M,2.86%
2019年12月11日,134.18,134.29,135.02,134.01,9.01M,-0.24%
2019年12月10日,134.50,133.25,134.77,132.88,7.53M,0.07%
2019年12月09日,134.41,134.63,135.46,134.41,8.58M,-0.47%
2019年12月06日,135.04,134.69,135.78,134.65,10.17M,1.49%
2019年12月05日,133.06,132.68,133.31,132.18,9.59M,0.54%
2019年12月04日,132.34,130.38,132.47,129.99,10.32M,1.97%
2019年12月03日,129.78,129.77,129.96,128.59,10.65M,-1.29%
2019年12月02日,131.47,132.31,132.74,131.35,8.62M,-0.22%
2019年11月29日,131.76,131.87,132.41,131.45,5.71M,-0.23%
2019年11月27日,132.06,132.29,132.43,131.65,6.61M,0.30%
2019年11月26日,131.67,131.82,131.82,130.36,10.49M,0.14%
2019年11月25日,131.49,131.25,132.07,130.87,10.07M,0.54%
2019年11月22日,130.79,130.15,131.22,130.10,8.17M,0.66%
2019年11月21日,129.93,130.00,130.72,129.39,7.71M,0.23%
2019年11月20日,129.63,130.30,130.62,128.94,11.79M,-0.73%
2019年11月19日,130.58,130.99,131.25,130.18,8.82M,-0.03%
2019年11月18日,130.62,129.56,130.65,128.99,8.75M,0.84%
2019年11月15日,129.53,129.23,129.53,128.40,10.16M,0.72%
2019年11月14日,128.60,127.72,128.84,127.59,8.48M,0.09%
2019年11月13日,128.48,128.13,128.81,127.42,8.10M,-0.53%
2019年11月12日,129.16,129.63,130.62,129.01,9.10M,-0.58%
2019年11月11日,129.92,129.60,130.10,129.35,8.68M,-0.35%
2019年11月08日,130.38,129.88,130.40,129.25,9.29M,0.29%
2019年11月07日,130.00,130.43,131.29,129.92,13.53M,0.54%
2019年11月06日,129.30,128.69,129.84,128.58,11.23M,0.15%
2019年11月05日,129.10,129.39,130.30,128.84,13.75M,0.22%
2019年11月04日,128.82,129.08,129.42,128.56,9.16M,0.80%
2019年11月01日,127.80,126.20,127.99,126.02,11.68M,2.31%
2019年10月31日,124.92,125.49,125.73,123.86,11.59M,-0.64%
2019年10月30日,125.73,126.05,126.26,124.92,8.51M,-0.55%
2019年10月29日,126.43,126.06,127.42,125.94,9.80M,-0.06%
2019年10月28日,126.51,126.57,127.21,126.40,9.52M,0.38%
2019年10月25日,126.03,125.00,126.65,124.75,9.06M,0.80%
2019年10月24日,125.03,125.29,125.66,124.07,8.06M,-0.07%
2019年10月23日,125.12,124.20,125.15,124.17,9.40M,0.26%
2019年10月22日,124.79,123.45,125.10,123.12,12.66M,1.00%
2019年10月21日,123.55,122.05,123.77,121.99,13.27M,2.48%
2019年10月18日,120.56,120.00,121.02,119.86,10.42M,0.17%
2019年10月17日,120.35,120.75,121.57,119.88,11.06M,0.56%
2019年10月16日,119.68,119.96,120.62,119.38,11.63M,-0.23%
2019年10月15日,119.96,118.85,121.59,117.87,30.52M,3.01%
2019年10月14日,116.45,115.85,116.87,115.66,8.88M,0.27%
2019年10月11日,116.14,116.03,117.99,115.86,15.19M,1.69%
2019年10月10日,114.21,113.14,115.40,113.00,11.39M,1.40%
2019年10月09日,112.63,112.67,113.16,112.07,7.34M,0.72%
2019年10月08日,111.82,113.06,113.06,111.66,11.59M,-2.23%
2019年10月07日,114.37,114.19,115.50,114.07,6.82M,-0.22%
2019年10月04日,114.62,112.34,114.94,112.27,9.62M,2.17%
2019年10月03日,112.19,112.27,112.91,110.52,13.10M,-0.94%
2019年10月02日,113.25,114.81,114.90,112.93,12.63M,-1.99%
2019年10月01日,115.55,118.40,119.00,115.41,11.33M,-1.82%
2019年09月30日,117.69,118.36,118.77,117.22,9.80M,-0.03%
2019年09月27日,117.72,117.96,118.64,117.28,10.21M,0.59%
2019年09月26日,117.03,117.88,118.05,116.95,9.92M,-0.82%
2019年09月25日,118.00,117.27,118.36,117.12,10.27M,0.57%
2019年09月24日,117.33,118.75,119.26,117.04,11.85M,-1.30%
2019年09月23日,118.88,117.78,119.12,117.68,9.18M,-0.02%
2019年09月20日,118.90,119.74,120.34,118.87,22.08M,-0.40%
2019年09月19日,119.38,119.70,120.34,119.09,9.46M,-0.32%
2019年09月18日,119.76,118.32,120.08,117.75,10.72M,1.00%
2019年09月17日,118.57,118.42,118.61,117.24,10.82M,-0.50%
2019年09月16日,119.16,118.90,119.87,118.38,11.99M,-0.89%
2019年09月13日,120.23,119.00,120.40,118.75,16.26M,1.97%
2019年09月12日,117.91,116.55,118.47,115.92,12.28M,0.61%
2019年09月11日,117.19,116.89,117.20,115.38,9.92M,0.27%
2019年09月10日,116.87,116.30,117.27,115.73,14.33M,1.27%
2019年09月09日,115.40,113.71,116.06,113.60,13.99M,2.48%
2019年09月06日,112.61,112.66,112.98,111.96,7.84M,0.21%
2019年09月05日,112.37,111.25,113.72,111.20,13.23M,2.28%
2019年09月04日,109.87,109.45,110.22,108.56,6.94M,1.21%
2019年09月03日,108.56,108.98,108.99,107.32,9.87M,-1.18%
2019年08月30日,109.86,109.84,110.56,109.47,10.17M,0.59%
2019年08月29日,109.22,108.14,109.89,108.02,10.00M,2.27%
2019年08月28日,106.80,105.08,107.21,105.04,10.59M,1.00%
2019年08月27日,105.74,107.35,107.56,104.84,14.34M,-1.06%
2019年08月26日,106.87,106.62,106.99,106.01,8.21M,0.80%
2019年08月23日,106.02,108.00,108.78,105.11,14.76M,-2.48%
2019年08月22日,108.72,108.37,109.27,107.93,9.34M,1.03%
2019年08月21日,107.61,108.21,108.43,107.44,8.19M,0.28%
2019年08月20日,107.31,107.85,108.44,107.24,8.38M,-1.27%
2019年08月19日,108.69,109.63,109.75,108.42,8.27M,0.90%
2019年08月16日,107.72,106.37,107.98,105.87,11.83M,2.40%
2019年08月15日,105.20,104.82,106.38,104.34,13.37M,0.38%
2019年08月14日,104.80,106.30,106.91,104.45,19.49M,-4.15%
2019年08月13日,109.34,107.95,110.33,107.03,12.24M,1.54%
2019年08月12日,107.68,108.44,108.51,107.21,9.39M,-1.88%
2019年08月09日,109.74,109.35,110.44,108.29,9.98M,-0.11%
2019年08月08日,109.86,109.05,110.08,108.72,10.90M,1.69%
2019年08月07日,108.03,108.00,108.28,105.94,17.32M,-2.17%
2019年08月06日,110.43,110.05,110.50,108.34,10.20M,0.78%
2019年08月05日,109.57,110.79,110.98,108.27,15.86M,-2.98%
2019年08月02日,112.93,112.40,113.43,111.40,11.03M,-0.01%
2019年08月01日,112.94,115.33,116.80,112.59,15.66M,-2.64%
2019年07月31日,116.00,116.10,116.18,114.86,13.65M,0.35%
2019年07月30日,115.59,115.19,116.08,114.76,7.12M,-0.22%
2019年07月29日,115.85,116.46,117.18,115.79,8.50M,-0.32%
2019年07月26日,116.22,115.77,116.51,115.53,12.80M,0.44%
2019年07月25日,115.71,116.89,117.24,115.31,10.14M,-0.96%
2019年07月24日,116.83,115.58,116.88,115.52,10.01M,0.40%
2019年07月23日,116.36,114.88,116.45,114.82,12.75M,1.83%
2019年07月22日,114.27,112.91,114.45,112.77,9.06M,0.64%
2019年07月19日,113.54,114.89,115.12,113.40,10.40M,-0.99%
2019年07月18日,114.67,113.93,115.07,113.55,9.40M,0.60%
2019年07月17日,113.99,114.43,114.94,113.73,13.12M,-0.98%
2019年07月16日,115.12,113.48,115.50,112.92,16.94M,1.07%
2019年07月15日,113.90,115.54,115.57,113.53,12.95M,-1.21%
2019年07月12日,115.30,114.13,115.35,113.93,10.78M,1.05%
2019年07月11日,114.10,113.37,114.36,113.12,11.60M,0.96%
2019年07月10日,113.02,113.37,113.83,112.74,9.24M,-0.29%
2019年07月09日,113.35,112.28,113.49,112.15,8.95M,0.43%
2019年07月08日,112.87,112.96,113.48,112.50,6.92M,-0.55%
2019年07月05日,113.49,113.51,114.27,112.92,7.93M,0.59%
2019年07月03日,112.82,113.34,113.87,112.26,6.85M,-0.86%
2019年07月02日,113.80,113.51,114.20,113.22,10.18M,0.11%
2019年07月01日,113.68,113.23,114.52,113.08,12.76M,1.68%
2019年06月28日,111.80,111.04,112.43,110.90,21.63M,2.72%
2019年06月27日,108.84,108.84,109.55,108.44,10.91M,0.33%
2019年06月26日,108.48,108.30,109.31,108.16,10.32M,0.67%
2019年06月25日,107.76,108.68,108.98,107.67,18.66M,-0.83%
2019年06月24日,108.66,109.28,109.77,108.53,13.04M,-0.71%
2019年06月21日,109.44,110.19,111.67,109.09,27.09M,-0.68%
2019年06月20日,110.19,110.88,111.08,109.03,13.64M,0.25%
2019年06月19日,109.91,110.82,111.59,109.69,13.13M,-0.72%
2019年06月18日,110.71,109.01,111.41,108.98,11.06M,1.36%
2019年06月17日,109.22,109.70,110.37,109.06,8.13M,-0.55%
2019年06月14日,109.82,109.57,110.30,108.63,9.08M,0.26%
2019年06月13日,109.54,109.46,110.16,109.05,8.41M,0.25%
2019年06月12日,109.27,110.70,110.90,108.89,9.67M,-1.27%
2019年06月11日,110.68,110.82,111.57,110.37,9.85M,0.31%
2019年06月10日,110.34,110.75,111.21,110.22,11.38M,1.08%
2019年06月07日,109.16,109.70,110.02,108.96,10.62M,-1.10%
2019年06月06日,110.37,110.15,110.87,108.93,8.73M,0.22%
2019年06月05日,110.13,109.86,110.38,108.64,8.34M,0.36%
2019年06月04日,109.74,107.85,109.90,107.13,12.86M,3.08%
2019年06月03日,106.46,105.80,106.86,105.30,11.68M,0.47%
2019年05月31日,105.96,105.56,106.59,104.84,10.95M,-1.03%
2019年05月30日,107.06,108.65,109.18,106.54,10.37M,-1.07%
2019年05月29日,108.22,107.45,108.40,107.06,9.97M,-0.28%
2019年05月28日,108.52,109.20,109.83,108.44,11.67M,-1.08%
2019年05月24日,109.71,109.52,109.96,109.19,8.54M,0.98%
2019年05月23日,108.64,109.64,109.79,107.50,14.56M,-1.97%
2019年05月22日,110.82,111.40,111.79,110.75,7.92M,-0.81%
2019年05月21日,111.73,111.44,111.92,111.22,7.97M,0.34%
2019年05月20日,111.35,110.58,111.81,110.37,8.52M,0.52%
2019年05月17日,110.77,110.00,111.75,109.83,9.57M,-0.49%
2019年05月16日,111.31,110.62,112.17,110.59,9.67M,1.28%
2019年05月15日,109.90,109.21,110.90,108.61,10.14M,-0.38%
2019年05月14日,110.32,109.55,111.72,109.50,10.50M,0.79%
2019年05月13日,109.45,110.08,110.45,108.98,13.78M,-2.72%
2019年05月10日,112.51,111.75,112.84,110.54,13.19M,-0.01%
2019年05月09日,112.52,111.14,112.74,110.58,12.21M,-0.08%
2019年05月08日,112.61,112.66,113.67,112.46,9.58M,-0.53%
2019年05月07日,113.21,114.03,114.03,112.28,15.02M,-1.63%
2019年05月06日,115.09,114.18,115.47,113.72,9.39M,-0.89%
2019年05月03日,116.12,116.00,116.68,115.67,8.19M,0.62%
2019年05月02日,115.41,115.17,115.78,114.58,8.61M,0.22%
2019年05月01日,115.16,115.72,117.00,115.11,10.41M,-0.77%
2019年04月30日,116.05,116.43,116.72,115.26,11.39M,-0.06%
2019年04月29日,116.12,114.60,117.16,114.44,14.24M,1.44%
2019年04月26日,114.47,113.95,114.58,113.60,7.89M,0.76%
2019年04月25日,113.61,113.01,114.14,112.50,9.31M,0.05%
2019年04月24日,113.55,113.26,114.15,112.81,9.25M,-0.17%
2019年04月23日,113.74,113.00,114.37,112.85,9.19M,0.12%
2019年04月22日,113.60,112.83,113.93,112.66,7.98M,0.12%
2019年04月18日,113.46,114.53,114.94,113.33,12.50M,-0.73%
2019年04月17日,114.30,111.70,114.66,111.01,17.79M,2.88%
2019年04月16日,111.10,109.90,111.39,109.86,11.58M,1.06%
2019年04月15日,109.94,110.92,111.00,109.12,15.16M,-1.14%
2019年04月12日,111.21,109.44,111.85,108.88,25.83M,4.69%
2019年04月11日,106.23,105.71,106.73,105.56,11.18M,0.84%
2019年04月10日,105.34,105.13,105.72,104.47,10.88M,0.45%
2019年04月09日,104.87,105.08,105.20,104.25,9.09M,-0.74%
2019年04月08日,105.65,105.11,105.65,104.91,8.06M,0.32%
2019年04月05日,105.31,105.80,106.11,104.99,9.93M,-0.24%
2019年04月04日,105.56,104.55,105.73,104.45,11.95M,0.20%
2019年04月03日,105.35,105.81,106.36,104.78,11.50M,0.20%
2019年04月02日,105.14,104.60,105.44,104.33,10.30M,0.48%
2019年04月01日,104.64,102.15,104.68,102.12,17.50M,3.37%
2019年03月29日,101.23,101.54,101.99,100.58,14.52M,0.52%
2019年03月28日,100.71,100.00,100.80,99.74,12.45M,1.13%
2019年03月27日,99.58,99.88,100.45,99.08,12.75M,-0.34%
2019年03月26日,99.92,99.82,100.40,98.82,15.99M,1.00%
2019年03月25日,98.93,99.59,100.57,98.09,21.03M,-0.83%
2019年03月22日,99.76,101.82,102.32,99.52,31.12M,-3.02%
2019年03月21日,102.87,103.49,103.49,102.28,19.75M,-1.58%
2019年03月20日,104.52,106.43,106.65,104.41,14.92M,-2.13%
2019年03月19日,106.80,108.20,108.40,106.55,12.89M,-0.36%
2019年03月18日,107.19,106.55,107.78,106.50,12.94M,0.60%
2019年03月15日,106.55,105.41,106.80,105.23,24.81M,1.15%
2019年03月14日,105.34,104.50,105.87,104.46,10.93M,0.91%
2019年03月13日,104.39,104.19,104.98,103.95,13.02M,0.34%
2019年03月12日,104.04,104.59,104.79,103.75,10.22M,-0.30%
2019年03月11日,104.35,103.98,104.55,103.66,9.76M,1.30%
2019年03月08日,103.01,101.99,103.23,101.99,10.58M,0.04%
2019年03月07日,102.97,103.25,103.47,102.16,12.71M,-0.72%
2019年03月06日,103.72,103.86,104.57,103.55,9.07M,-0.37%
2019年03月05日,104.11,104.13,104.55,103.26,10.86M,-0.08%
2019年03月04日,104.19,104.92,105.92,103.27,12.47M,-0.23%
2019年03月01日,104.43,105.10,105.91,104.20,13.81M,0.07%
2019年02月28日,104.36,105.01,105.21,104.18,15.16M,-0.76%
2019年02月27日,105.16,105.18,105.38,104.50,9.97M,-0.12%
2019年02月26日,105.29,104.50,105.47,103.94,15.47M,-0.76%
2019年02月25日,106.10,105.75,107.27,105.69,11.23M,1.05%
2019年02月22日,105.00,105.70,106.09,104.78,10.65M,-0.45%
2019年02月21日,105.47,105.45,105.99,104.96,8.40M,-0.21%
2019年02月20日,105.69,105.21,105.80,104.88,10.03M,0.48%
2019年02月19日,105.18,104.91,105.37,103.81,12.76M,-0.35%
2019年02月15日,105.55,103.90,105.70,103.66,14.72M,3.06%
2019年02月14日,102.42,102.47,103.10,101.35,11.52M,-0.65%
2019年02月13日,103.09,102.90,103.85,102.90,10.75M,0.48%
2019年02月12日,102.60,101.95,102.92,101.89,12.85M,1.70%
2019年02月11日,100.88,101.76,102.01,100.77,10.98M,-0.47%
2019年02月08日,101.36,102.08,102.33,100.06,12.89M,-1.00%
2019年02月07日,102.38,103.25,103.50,101.44,13.18M,-1.31%
2019年02月06日,103.74,103.71,104.62,103.47,8.74M,-0.05%
2019年02月05日,103.79,104.52,104.55,103.29,12.76M,-0.44%
2019年02月04日,104.25,103.79,104.25,103.01,9.87M,0.36%
2019年02月01日,103.88,104.00,104.85,103.52,13.00M,0.37%
2019年01月31日,103.50,103.41,103.80,102.73,17.52M,-0.87%
2019年01月30日,104.41,104.14,105.24,103.78,12.53M,0.23%
2019年01月29日,104.17,103.88,105.11,103.73,9.74M,0.28%
2019年01月28日,103.88,102.89,104.24,102.59,12.28M,0.47%
2019年01月25日,103.39,103.51,104.31,102.74,14.41M,0.63%
2019年01月24日,102.74,102.13,103.09,101.94,11.30M,0.06%
2019年01月23日,102.68,103.44,103.70,101.97,12.15M,-0.25%
2019年01月22日,102.94,103.08,103.59,102.13,17.08M,-1.58%
2019年01月18日,104.59,103.77,104.90,102.83,16.43M,1.62%
2019年01月17日,102.92,102.11,103.50,101.92,14.25M,0.41%
2019年01月16日,102.50,102.25,103.45,101.80,18.53M,0.81%
2019年01月15日,101.68,98.89,102.47,98.60,26.50M,0.73%
2019年01月14日,100.94,98.87,101.36,98.66,21.26M,1.03%
2019年01月11日,99.91,99.89,100.17,98.95,15.44M,-0.48%
2019年01月10日,100.39,100.02,100.73,99.27,14.38M,-0.01%
2019年01月09日,100.40,100.81,101.49,99.93,14.23M,-0.17%
2019年01月08日,100.57,101.63,101.82,99.55,13.58M,-0.19%
2019年01月07日,100.76,100.43,101.47,99.71,15.43M,0.07%
2019年01月04日,100.69,99.11,100.93,98.28,16.94M,3.69%
2019年01月03日,97.11,98.64,98.89,96.69,16.29M,-2.22%
2019年01月02日,99.31,95.95,99.78,95.94,15.67M,1.73%
2018年12月31日,97.62,97.59,98.81,96.77,13.24M,0.82%
2018年12月28日,96.83,97.95,98.32,96.44,17.96M,-0.22%
2018年12月27日,97.04,94.82,97.15,93.55,20.30M,1.13%
2018年12月26日,95.96,92.69,95.96,91.11,22.54M,4.15%
2018年12月24日,92.14,92.89,94.22,92.14,17.01M,-2.16%
2018年12月21日,94.17,96.68,98.43,93.69,41.31M,-2.36%
2018年12月20日,96.45,96.61,98.28,95.69,31.83M,-0.86%
2018年12月19日,97.29,98.41,100.58,96.60,28.77M,-1.27%
2018年12月18日,98.54,99.42,100.89,98.12,20.84M,-0.47%
2018年12月17日,99.01,99.77,100.56,98.44,25.11M,-1.28%
2018年12月14日,100.29,99.99,101.94,99.86,19.88M,-0.82%
2018年12月13日,101.12,101.55,101.97,100.67,17.25M,0.10%
2018年12月12日,101.02,101.66,102.90,100.06,22.62M,0.65%
2018年12月11日,100.37,103.13,103.66,100.21,16.86M,-0.98%
2018年12月10日,101.36,102.87,103.49,99.28,23.64M,-1.87%
2018年12月07日,103.29,105.16,106.98,102.91,19.25M,-1.81%
2018年12月06日,105.19,105.01,105.36,102.88,27.21M,-1.90%
2018年12月04日,107.23,111.60,111.60,106.73,23.56M,-4.46%
2018年12月03日,112.24,112.38,112.89,111.74,16.03M,0.94%
2018年11月30日,111.19,109.85,111.32,109.58,18.65M,1.03%
2018年11月29日,110.06,110.27,110.80,109.64,11.14M,-0.79%
2018年11月28日,110.94,109.80,111.40,108.87,13.98M,1.11%
2018年11月27日,109.72,108.76,110.03,108.63,9.24M,0.42%
2018年11月26日,109.26,107.72,109.98,107.45,13.95M,2.45%
2018年11月23日,106.65,106.74,107.39,106.06,6.49M,-0.92%
2018年11月21日,107.64,109.03,109.61,107.64,10.62M,-0.75%
2018年11月20日,108.45,109.78,110.49,107.98,18.94M,-2.15%
2018年11月19日,110.83,109.96,111.20,109.53,13.99M,0.76%
2018年11月16日,109.99,109.45,110.76,108.55,13.80M,-0.07%
2018年11月15日,110.07,108.24,110.08,106.81,19.10M,2.55%
2018年11月14日,107.33,110.23,110.71,105.98,18.36M,-2.06%
2018年11月13日,109.59,109.10,111.12,109.10,13.75M,0.59%
2018年11月12日,108.95,111.42,111.94,108.60,13.28M,-2.10%
2018年11月09日,111.29,112.23,112.36,110.83,10.43M,-0.97%
2018年11月08日,112.38,111.01,112.92,111.00,11.66M,0.81%
2018年11月07日,111.48,110.37,111.73,109.35,12.68M,1.72%
2018年11月06日,109.60,108.67,109.67,107.76,10.82M,0.47%
2018年11月05日,109.09,108.61,109.29,108.42,10.28M,0.66%
2018年11月02日,108.38,109.90,110.81,107.49,19.01M,-0.55%
2018年11月01日,108.98,109.62,110.22,108.32,13.07M,-0.04%
2018年10月31日,109.02,108.08,110.48,107.79,20.86M,2.17%
2018年10月30日,106.70,105.71,106.98,104.86,18.02M,1.76%
2018年10月29日,104.85,104.46,106.63,103.70,18.45M,1.38%
2018年10月26日,103.42,104.00,104.56,102.73,19.17M,-1.37%
2018年10月25日,104.86,104.18,105.90,103.72,17.46M,1.52%
2018年10月24日,103.29,104.76,105.03,102.91,23.17M,-1.86%
2018年10月23日,105.25,104.20,106.16,103.70,21.41M,-1.04%
2018年10月22日,106.36,108.15,108.34,106.11,16.20M,-1.44%
2018年10月19日,107.91,107.65,109.22,107.27,15.23M,-0.17%
2018年10月18日,108.09,109.02,109.84,107.81,17.58M,-1.58%
2018年10月17日,109.83,108.38,110.80,108.23,18.79M,1.11%
2018年10月16日,108.62,107.16,108.78,106.73,19.30M,2.14%
2018年10月15日,106.34,107.20,108.85,106.32,18.90M,-0.57%
2018年10月12日,106.95,110.37,110.83,105.60,32.08M,-1.09%
2018年10月11日,108.13,110.97,111.47,107.38,33.71M,-3.00%
2018年10月10日,111.47,114.70,114.95,111.47,23.09M,-2.66%
2018年10月09日,114.52,114.67,115.03,113.67,14.07M,-0.69%
2018年10月08日,115.32,114.25,115.78,113.35,14.37M,0.61%
2018年10月05日,114.62,115.83,116.10,114.02,13.78M,-0.56%
2018年10月04日,115.27,114.55,116.81,114.21,16.36M,0.20%
2018年10月03日,115.04,114.94,115.66,114.48,17.14M,0.94%
2018年10月02日,113.97,113.36,114.12,112.81,13.75M,0.41%
2018年10月01日,113.50,113.37,114.61,113.04,10.15M,0.58%
2018年09月28日,112.84,113.65,114.24,112.52,15.82M,-1.47%
2018年09月27日,114.52,115.42,115.76,114.16,13.28M,-0.43%
2018年09月26日,115.02,116.75,116.87,114.66,14.02M,-1.18%
2018年09月25日,116.39,117.04,117.97,116.32,9.31M,-0.28%
2018年09月24日,116.72,117.76,118.46,116.43,12.49M,-0.96%
2018年09月21日,117.85,119.13,119.23,117.74,24.79M,-0.66%
2018年09月20日,118.63,118.50,119.24,118.08,15.59M,0.86%
2018年09月19日,117.62,114.44,118.06,114.44,16.05M,2.90%
2018年09月18日,114.30,114.33,114.66,113.56,7.94M,0.40%
2018年09月17日,113.84,113.79,114.43,113.30,9.56M,0.30%
2018年09月14日,113.50,113.81,114.49,113.23,10.34M,-0.02%
2018年09月13日,113.52,113.37,114.13,112.67,12.47M,0.39%
2018年09月12日,113.08,114.25,114.88,112.85,10.80M,-1.18%
2018年09月11日,114.43,113.54,114.58,113.18,9.33M,0.63%
2018年09月10日,113.71,114.85,114.97,113.66,8.28M,-0.53%
2018年09月07日,114.32,114.50,114.77,113.63,10.96M,0.19%
2018年09月06日,114.10,114.50,114.70,113.50,9.88M,-0.43%
2018年09月05日,114.59,115.00,115.70,114.25,11.46M,-0.49%
2018年09月04日,115.15,114.34,115.24,113.63,10.17M,0.50%
2018年08月31日,114.58,114.83,114.84,113.82,13.07M,-0.53%
2018年08月30日,115.19,115.59,116.04,114.98,8.99M,-0.49%
2018年08月29日,115.76,116.35,116.37,115.36,7.22M,-0.33%
2018年08月28日,116.14,117.00,117.03,115.97,8.30M,-0.49%
2018年08月27日,116.71,115.22,117.28,115.17,13.77M,1.77%
2018年08月24日,114.68,114.98,115.22,114.45,8.85M,-0.04%
2018年08月23日,114.73,114.96,115.15,114.43,9.27M,-0.21%
2018年08月22日,114.97,115.31,115.41,114.78,8.31M,-0.30%
2018年08月21日,115.32,115.37,116.39,114.88,10.98M,0.61%
2018年08月20日,114.62,114.59,115.05,114.11,8.62M,-0.13%
2018年08月17日,114.77,114.64,115.07,114.30,8.51M,0.00%
2018年08月16日,114.77,114.35,115.31,114.30,10.12M,0.94%
2018年08月15日,113.70,113.82,114.33,112.97,10.15M,-0.83%
2018年08月14日,114.65,114.27,115.04,113.65,10.60M,0.67%
2018年08月13日,113.89,115.56,115.88,113.81,10.34M,-1.59%
2018年08月10日,115.73,115.50,115.95,114.68,12.63M,-0.98%
2018年08月09日,116.88,117.51,117.72,116.69,9.69M,-0.77%
2018年08月08日,117.79,117.33,118.27,117.28,9.00M,0.20%
2018年08月07日,117.55,117.74,118.29,117.33,10.56M,0.37%
2018年08月06日,117.12,116.79,117.53,116.18,9.86M,0.03%
2018年08月03日,117.09,116.00,117.13,115.94,11.02M,0.81%
2018年08月02日,116.15,114.57,116.25,114.33,11.06M,0.42%
2018年08月01日,115.66,115.75,116.69,115.28,13.53M,0.62%
2018年07月31日,114.95,117.08,117.08,114.82,15.84M,-1.52%
2018年07月30日,116.73,116.28,117.61,116.06,13.41M,0.60%
2018年07月27日,116.03,115.18,116.30,114.81,12.81M,1.03%
2018年07月26日,114.85,115.42,115.58,114.58,11.90M,-0.29%
2018年07月25日,115.18,113.88,115.52,113.38,13.33M,0.90%
2018年07月24日,114.15,113.55,114.78,113.42,14.00M,0.71%
2018年07月23日,113.35,111.06,114.24,110.93,18.14M,1.86%
2018年07月20日,111.28,110.00,111.74,109.78,13.58M,1.26%
2018年07月19日,109.89,111.06,111.09,109.73,16.78M,-1.47%
2018年07月18日,111.53,110.42,112.12,110.20,14.24M,0.93%
2018年07月17日,110.50,110.69,110.93,109.75,14.82M,-0.07%
2018年07月16日,110.58,107.05,110.77,106.98,24.66M,3.97%
2018年07月13日,106.36,107.30,107.80,105.14,21.30M,-0.46%
2018年07月12日,106.85,107.42,107.56,105.97,12.46M,0.43%
2018年07月11日,106.39,106.31,107.06,106.21,10.19M,-0.22%
2018年07月10日,106.62,108.02,108.40,106.53,14.58M,-0.62%
2018年07月09日,107.28,104.71,107.46,104.71,13.90M,3.09%
2018年07月06日,104.06,103.12,104.50,102.20,12.17M,0.33%
2018年07月05日,103.72,104.13,104.38,103.53,10.72M,0.11%
2018年07月03日,103.61,105.41,105.78,103.52,8.31M,-1.40%
2018年07月02日,105.08,103.72,105.09,103.38,11.13M,0.84%
2018年06月29日,104.20,106.68,106.90,104.15,18.97M,-0.70%
2018年06月28日,104.93,103.68,105.46,103.51,14.49M,1.64%
2018年06月27日,103.24,104.68,105.92,103.23,16.28M,-1.54%
2018年06月26日,104.86,104.71,105.21,103.11,17.09M,0.07%
2018年06月25日,104.79,105.66,105.70,103.96,16.91M,-0.91%
2018年06月22日,105.75,108.16,108.37,105.51,19.94M,-1.64%
2018年06月21日,107.51,107.10,108.21,106.53,11.05M,-0.03%
2018年06月20日,107.54,108.18,108.64,107.44,8.88M,-0.01%
2018年06月19日,107.55,106.90,107.88,106.60,12.71M,-0.58%
2018年06月18日,108.18,107.26,108.40,106.69,9.79M,0.26%
2018年06月15日,107.90,107.80,108.38,106.27,26.03M,-0.12%
2018年06月14日,108.03,110.28,110.36,107.78,20.49M,-1.76%
2018年06月13日,109.97,110.46,111.44,109.58,14.98M,-0.20%
2018年06月12日,110.19,111.14,111.53,109.52,15.29M,-0.58%
2018年06月11日,110.83,111.12,111.91,110.77,12.64M,-0.25%
2018年06月08日,111.11,110.62,111.14,110.06,10.38M,0.28%
2018年06月07日,110.80,111.18,111.50,110.03,13.44M,0.40%
2018年06月06日,110.36,108.66,110.74,108.48,15.45M,2.34%
2018年06月05日,107.84,108.24,108.31,107.07,10.42M,-0.56%
2018年06月04日,108.45,108.99,109.25,108.27,9.42M,0.05%
2018年06月01日,108.40,108.34,108.94,107.80,13.59M,1.30%
2018年05月31日,107.01,107.95,108.19,106.42,19.81M,-1.24%
2018年05月30日,108.35,107.64,108.60,106.65,17.49M,2.28%
2018年05月29日,105.93,109.18,109.20,104.95,30.64M,-4.27%
2018年05月25日,110.66,110.46,111.08,110.19,8.28M,-0.51%
2018年05月24日,111.23,112.14,112.15,110.11,14.08M,-1.12%
2018年05月23日,112.49,112.51,112.77,111.12,11.45M,-0.46%
2018年05月22日,113.01,112.35,114.29,112.29,11.51M,0.77%
2018年05月21日,112.15,112.05,112.54,111.92,9.44M,0.92%
2018年05月18日,111.13,112.75,112.80,110.84,11.81M,-1.62%
2018年05月17日,112.96,113.20,113.41,112.20,8.62M,-0.34%
2018年05月16日,113.34,112.89,113.69,112.63,7.57M,0.27%
2018年05月15日,113.03,113.91,113.91,112.57,11.54M,-0.76%
2018年05月14日,113.90,114.11,114.70,113.74,8.71M,0.04%
2018年05月11日,113.86,114.49,114.73,113.67,10.25M,-0.38%
2018年05月10日,114.29,113.19,114.44,112.75,9.16M,0.78%
2018年05月09日,113.41,111.44,113.64,111.03,11.37M,2.18%
2018年05月08日,110.99,109.53,111.34,109.28,12.54M,1.48%
2018年05月07日,109.37,108.76,109.68,108.36,9.36M,0.87%
2018年05月04日,108.43,106.43,108.74,105.98,11.97M,1.11%
2018年05月03日,107.24,107.59,107.77,105.18,15.38M,-0.63%
2018年05月02日,107.92,108.11,109.49,107.73,12.16M,-0.79%
2018年05月01日,108.78,108.45,108.97,107.54,10.50M,0.00%
2018年04月30日,108.78,109.75,110.30,108.75,13.74M,-0.57%
2018年04月27日,109.40,109.55,110.16,109.13,9.38M,-0.64%
2018年04月26日,110.10,109.97,110.82,109.34,10.30M,0.10%
2018年04月25日,109.99,110.27,110.53,108.60,13.55M,-0.38%
2018年04月24日,110.41,111.75,112.90,109.59,16.45M,-0.47%
2018年04月23日,110.93,111.57,111.95,110.63,11.29M,-0.48%
2018年04月20日,111.47,112.30,112.74,110.88,15.58M,-0.22%
2018年04月19日,111.72,109.53,111.87,109.50,17.91M,2.20%
2018年04月18日,109.32,110.53,111.07,108.89,16.08M,-0.81%
2018年04月17日,110.21,111.37,111.92,109.99,15.50M,0.00%
2018年04月16日,110.21,110.94,111.47,109.79,16.58M,-0.08%
2018年04月13日,110.30,115.02,115.15,109.05,39.15M,-2.71%
2018年04月12日,113.37,111.56,114.39,111.50,16.44M,2.49%
2018年04月11日,110.62,111.66,111.81,110.52,14.50M,-1.68%
2018年04月10日,112.51,112.13,112.87,111.42,14.00M,1.91%
2018年04月09日,110.40,110.01,112.98,109.89,15.97M,1.20%
2018年04月06日,109.09,110.55,111.55,107.82,18.91M,-2.49%
2018年04月05日,111.88,111.63,112.83,111.39,16.63M,0.80%
2018年04月04日,110.99,107.10,111.21,107.02,15.30M,1.52%
2018年04月03日,109.33,108.36,109.50,107.26,14.05M,1.37%
2018年04月02日,107.85,109.96,110.73,106.08,18.82M,-1.93%
2018年03月29日,109.97,108.50,110.78,107.78,13.27M,1.82%
2018年03月28日,108.00,108.28,109.17,106.65,19.19M,-0.16%
2018年03月27日,108.17,111.07,111.69,107.30,18.04M,-1.94%
2018年03月26日,110.31,109.19,111.16,108.64,20.22M,3.08%
2018年03月23日,107.01,110.27,110.92,106.76,23.08M,-2.67%
2018年03月22日,109.95,113.20,113.60,109.54,22.55M,-4.17%
2018年03月21日,114.74,114.81,116.63,114.21,13.63M,0.09%
2018年03月20日,114.64,114.87,115.44,114.44,9.92M,0.10%
2018年03月19日,114.53,115.10,115.45,113.30,13.21M,-0.79%
2018年03月16日,115.44,115.34,116.60,115.34,19.89M,0.17%
2018年03月15日,115.24,115.87,116.00,114.83,8.75M,0.25%
2018年03月14日,114.95,116.56,116.59,114.60,12.91M,-1.12%
2018年03月13日,116.25,118.20,118.47,115.83,13.31M,-1.20%
2018年03月12日,117.66,118.00,118.75,117.25,12.34M,-0.32%
2018年03月09日,118.04,116.55,118.08,115.67,15.37M,2.88%
2018年03月08日,114.74,115.11,115.23,113.21,11.17M,0.01%
2018年03月07日,114.73,113.75,115.10,113.11,13.01M,-0.37%
2018年03月06日,115.16,115.64,115.82,114.32,10.67M,0.09%
2018年03月05日,115.06,112.05,115.92,111.89,13.93M,1.54%
2018年03月02日,113.32,112.39,113.56,111.12,18.35M,-0.10%
2018年03月01日,113.43,115.48,116.64,112.65,18.69M,-1.79%
2018年02月28日,115.50,117.82,118.49,115.34,17.74M,-1.58%
2018年02月27日,117.36,118.91,119.33,117.35,17.56M,-1.19%
2018年02月26日,118.77,118.14,118.90,117.32,16.51M,1.24%
2018年02月23日,117.31,115.31,117.39,115.31,12.16M,2.03%
2018年02月22日,114.98,115.50,116.42,114.76,17.07M,-0.18%
2018年02月21日,115.19,115.00,117.45,114.67,14.21M,0.42%
2018年02月20日,114.71,114.65,115.39,113.97,13.46M,0.03%
2018年02月16日,114.68,114.55,116.07,114.50,13.21M,-0.72%
2018年02月15日,115.51,115.74,115.98,114.22,12.13M,0.42%
2018年02月14日,115.03,112.63,115.27,112.53,15.19M,2.31%
2018年02月13日,112.43,111.32,113.05,110.80,16.36M,0.62%
2018年02月12日,111.74,111.17,112.72,110.07,18.04M,1.54%
2018年02月09日,110.04,109.10,111.05,106.23,28.19M,2.00%
2018年02月08日,107.88,113.11,113.11,107.84,27.43M,-4.42%
2018年02月07日,112.87,111.55,114.45,111.15,21.88M,0.68%
2018年02月06日,112.11,106.85,112.48,106.61,33.11M,3.04%
2018年02月05日,108.80,113.00,114.59,103.98,30.10M,-4.80%
2018年02月02日,114.28,116.49,116.92,114.09,16.48M,-2.22%
2018年02月01日,116.87,115.77,116.98,115.48,13.80M,1.04%
2018年01月31日,115.67,115.65,116.66,115.16,13.14M,0.49%
2018年01月30日,115.11,115.53,116.60,114.98,14.28M,-0.94%
2018年01月29日,116.20,116.02,117.35,116.02,11.68M,-0.10%
2018年01月26日,116.32,115.70,116.32,114.96,13.88M,0.54%
2018年01月25日,115.70,116.04,116.17,115.08,13.51M,0.03%
2018年01月24日,115.67,114.86,116.00,114.66,15.90M,1.28%
2018年01月23日,114.21,113.67,114.64,113.35,12.32M,-0.10%
2018年01月22日,114.33,112.66,114.39,112.50,12.48M,1.17%
2018年01月19日,113.01,113.94,114.34,112.80,18.79M,-0.22%
2018年01月18日,113.26,112.76,113.72,112.27,14.57M,0.24%
2018年01月17日,112.99,111.89,113.30,111.31,14.94M,0.64%
2018年01月16日,112.27,111.51,113.43,111.07,22.70M,-0.36%
2018年01月12日,112.67,111.65,112.85,110.84,18.88M,1.65%
2018年01月11日,110.84,110.67,110.93,110.05,13.68M,0.54%
2018年01月10日,110.25,109.47,110.70,109.39,15.83M,1.10%
2018年01月09日,109.05,108.72,109.63,108.49,13.29M,0.51%
2018年01月08日,108.50,108.15,108.68,107.70,12.47M,0.15%
2018年01月05日,108.34,109.26,109.55,107.78,14.15M,-0.64%
2018年01月04日,109.04,108.36,110.03,108.20,12.95M,0.91%
2018年01月03日,108.06,107.86,108.49,107.48,11.90M,0.10%
2018年01月02日,107.95,107.63,108.02,106.81,13.58M,0.94%
2017年12月29日,106.94,108.09,108.28,106.94,8.93M,-0.79%
2017年12月28日,107.79,107.40,107.84,107.16,7.44M,0.53%
2017年12月27日,107.22,106.67,107.29,106.67,9.50M,0.19%
2017年12月26日,107.02,107.20,107.99,106.40,7.40M,-0.40%
2017年12月22日,107.45,108.20,108.46,106.81,14.57M,-0.35%
2017年12月21日,107.83,106.59,108.07,106.56,12.32M,1.59%
2017年12月20日,106.14,107.60,107.73,106.09,13.09M,-0.35%
2017年12月19日,106.51,107.35,107.49,106.44,12.15M,-0.42%
2017年12月18日,106.96,107.19,107.63,106.48,12.71M,0.77%
2017年12月15日,106.14,105.79,106.52,105.20,29.35M,1.41%
2017年12月14日,104.66,106.12,106.45,104.64,13.03M,-0.81%
2017年12月13日,105.51,106.70,107.11,105.48,15.02M,-1.25%
2017年12月12日,106.85,105.92,107.37,105.54,15.51M,1.16%
2017年12月11日,105.62,105.72,106.06,105.31,10.59M,-0.29%
2017年12月08日,105.93,105.08,105.94,104.34,13.51M,1.25%
2017年12月07日,104.62,103.95,105.19,103.73,13.37M,-0.30%
2017年12月06日,104.93,105.41,105.76,104.53,15.48M,-0.75%
2017年12月05日,105.72,107.17,107.41,104.12,17.19M,-1.15%
2017年12月04日,106.95,107.73,108.40,106.77,23.58M,2.06%
2017年12月01日,104.79,104.90,105.32,102.20,19.68M,0.26%
2017年11月30日,104.52,104.74,106.66,104.04,23.95M,0.76%
2017年11月29日,103.73,102.41,104.22,101.96,21.11M,2.34%
2017年11月28日,101.36,98.21,101.70,97.97,16.77M,3.50%
2017年11月27日,97.93,98.31,99.13,97.93,13.08M,-0.40%
2017年11月24日,98.32,98.83,98.90,98.26,3.68M,-0.32%
2017年11月22日,98.64,99.03,99.52,98.59,7.34M,-0.29%
2017年11月21日,98.93,99.50,99.55,98.91,13.39M,-0.08%
2017年11月20日,99.01,98.45,99.14,97.76,9.48M,0.89%
2017年11月17日,98.14,97.82,98.41,97.57,9.02M,-0.34%
2017年11月16日,98.47,98.53,99.06,98.31,9.81M,0.29%
2017年11月15日,98.19,96.39,98.74,95.95,15.38M,0.95%
2017年11月14日,97.27,97.34,97.78,96.85,11.04M,-0.60%
2017年11月13日,97.86,96.69,98.05,96.62,9.30M,0.36%
2017年11月10日,97.51,97.81,98.34,97.50,9.31M,-0.12%
2017年11月09日,97.63,97.12,98.22,96.81,13.70M,-0.01%
2017年11月08日,97.64,98.27,98.37,97.15,18.52M,-1.12%
2017年11月07日,98.75,100.56,100.75,98.25,18.82M,-2.01%
2017年11月06日,100.78,101.34,101.69,100.66,8.12M,-0.62%
2017年11月03日,101.41,101.10,101.53,100.73,7.10M,-0.18%
2017年11月02日,101.59,100.87,101.77,100.16,8.73M,0.66%
2017年11月01日,100.92,101.10,101.70,100.73,8.42M,0.31%
2017年10月31日,100.61,101.37,101.70,100.57,8.69M,-0.79%
2017年10月30日,101.41,101.13,101.93,100.87,8.84M,-0.35%
2017年10月27日,101.77,101.43,102.23,101.05,10.40M,0.03%
2017年10月26日,101.74,101.35,102.42,101.32,13.05M,0.71%
2017年10月25日,101.02,101.25,101.45,100.19,14.63M,0.10%
2017年10月24日,100.92,99.88,101.19,99.76,13.00M,1.59%
2017年10月23日,99.34,99.51,99.99,99.24,9.24M,-0.17%
2017年10月20日,99.51,99.28,99.89,98.73,15.33M,1.43%
2017年10月19日,98.11,97.19,98.20,97.09,9.13M,0.12%
2017年10月18日,97.99,98.15,98.55,97.63,10.16M,0.38%
2017年10月17日,97.62,98.07,98.18,97.32,10.34M,-0.22%
2017年10月16日,97.84,96.34,97.95,96.34,12.43M,2.07%
2017年10月13日,95.86,95.48,96.71,94.96,13.19M,-0.14%
2017年10月12日,95.99,97.30,97.50,95.62,18.25M,-0.88%
2017年10月11日,96.84,96.83,97.01,96.14,14.28M,-0.30%
2017年10月10日,97.13,96.45,97.18,96.24,10.63M,0.75%
2017年10月09日,96.41,96.96,97.07,96.14,7.77M,-0.53%
2017年10月06日,96.92,97.55,97.64,96.47,10.23M,-0.18%
2017年10月05日,97.09,96.00,97.40,95.55,14.24M,0.76%
2017年10月04日,96.36,97.30,97.44,96.28,12.17M,-1.02%
2017年10月03日,97.35,96.83,97.43,96.77,9.63M,0.53%
2017年10月02日,96.84,95.77,96.88,95.46,13.80M,1.39%
2017年09月29日,95.51,95.30,95.52,95.02,11.44M,0.14%
2017年09月28日,95.38,95.59,95.88,94.91,10.27M,0.21%
2017年09月27日,95.18,94.97,95.72,94.58,15.09M,1.58%
2017年09月26日,93.70,93.78,94.03,93.34,9.36M,-0.45%
2017年09月25日,94.12,94.51,94.88,93.45,10.46M,-0.75%
2017年09月22日,94.83,94.70,94.98,94.43,8.36M,-0.21%
2017年09月21日,95.03,94.46,95.37,94.19,10.85M,0.45%
2017年09月20日,94.60,94.10,95.29,93.71,15.31M,0.70%
2017年09月19日,93.94,92.71,94.36,92.52,12.63M,1.10%
2017年09月18日,92.92,91.93,93.14,91.85,11.32M,1.42%
2017年09月15日,91.62,91.08,91.71,90.76,18.17M,0.71%
2017年09月14日,90.97,91.20,91.53,90.74,10.56M,-0.20%
2017年09月13日,91.15,90.61,91.50,90.32,12.49M,0.29%
2017年09月12日,90.89,90.17,91.25,90.10,14.00M,1.23%
2017年09月11日,89.79,89.39,90.25,88.95,13.22M,1.55%
2017年09月08日,88.42,88.31,89.42,88.24,14.24M,-0.12%
2017年09月07日,88.53,90.11,90.13,88.08,14.59M,-1.75%
2017年09月06日,90.11,90.00,90.52,89.64,11.85M,0.67%
2017年09月05日,89.51,91.02,91.11,89.02,17.03M,-2.39%
2017年09月01日,91.70,91.25,92.36,90.95,9.82M,0.89%
2017年08月31日,90.89,91.81,91.85,90.80,13.22M,-0.46%
2017年08月30日,91.31,91.25,91.88,91.19,9.17M,0.23%
2017年08月29日,91.10,90.45,91.31,90.31,10.89M,-0.55%
2017年08月28日,91.60,92.16,92.19,91.13,7.29M,-0.32%
2017年08月25日,91.89,91.88,92.48,91.80,11.79M,0.40%
2017年08月24日,91.52,91.93,92.12,91.41,8.62M,-0.16%
2017年08月23日,91.67,90.87,92.34,90.84,8.81M,0.12%
2017年08月22日,91.56,91.07,91.71,91.00,9.21M,1.03%
2017年08月21日,90.63,90.85,90.94,90.16,11.50M,-0.12%
2017年08月18日,90.74,90.31,91.54,90.19,13.04M,0.10%
2017年08月17日,90.65,91.76,91.96,90.50,13.84M,-1.56%
2017年08月16日,92.09,93.04,93.23,91.88,11.09M,-0.69%
2017年08月15日,92.73,93.31,93.56,92.65,8.81M,0.26%
2017年08月14日,92.49,92.37,92.90,92.33,10.99M,1.17%
2017年08月11日,91.42,92.13,92.67,91.24,10.68M,-0.84%
2017年08月10日,92.19,92.90,93.07,92.07,13.25M,-1.43%
2017年08月09日,93.53,92.98,93.68,92.83,11.21M,-0.16%
2017年08月08日,93.68,93.95,95.22,93.60,13.75M,-0.36%
2017年08月07日,94.02,93.89,94.19,93.71,7.98M,0.38%
2017年08月04日,93.66,93.50,94.40,93.47,14.32M,1.25%
2017年08月03日,92.50,92.70,93.13,92.23,11.08M,-0.66%
2017年08月02日,93.11,92.86,93.21,92.50,10.17M,0.09%
2017年08月01日,93.03,92.49,93.14,92.28,12.52M,1.34%
2017年07月31日,91.80,91.51,92.36,91.50,11.52M,0.57%
2017年07月28日,91.28,91.45,91.75,90.91,9.35M,-0.29%
2017年07月27日,91.55,91.83,92.06,91.16,12.33M,-0.41%
2017年07月26日,91.93,93.10,93.19,91.68,11.82M,-0.94%
2017年07月25日,92.80,92.37,93.52,92.27,16.45M,1.67%
2017年07月24日,91.28,90.96,91.54,90.91,10.73M,0.43%
2017年07月21日,90.89,91.06,91.36,90.52,10.97M,-0.34%
2017年07月20日,91.20,91.15,91.72,90.90,11.56M,0.00%
2017年07月19日,91.20,91.34,91.62,91.00,11.65M,0.14%
2017年07月18日,91.07,90.45,91.58,90.32,14.72M,-0.35%
2017年07月17日,91.39,91.82,91.99,91.25,14.37M,-0.93%
2017年07月14日,92.25,90.81,92.61,90.58,22.24M,-0.91%
2017年07月13日,93.10,92.69,93.38,92.34,12.82M,0.64%
2017年07月12日,92.51,92.61,92.83,92.07,13.54M,-0.34%
2017年07月11日,92.83,93.33,93.33,92.28,13.26M,-0.39%
2017年07月10日,93.19,93.50,93.68,93.09,13.99M,-0.70%
2017年07月07日,93.85,93.96,94.17,93.23,12.82M,0.50%
2017年07月06日,93.38,93.54,94.51,92.88,16.60M,-0.32%
2017年07月05日,93.68,93.12,93.79,92.61,17.54M,1.00%
2017年07月03日,92.75,91.56,93.48,91.41,13.21M,1.48%
2017年06月30日,91.40,91.96,92.00,91.16,16.89M,0.27%
2017年06月29日,91.15,92.34,92.65,90.31,27.70M,1.48%
2017年06月28日,89.82,88.60,90.07,88.60,17.47M,2.01%
2017年06月27日,88.05,87.71,88.94,87.50,15.42M,0.93%
2017年06月26日,87.24,87.01,87.67,86.61,10.08M,0.44%
2017年06月23日,86.86,87.66,88.00,86.61,18.81M,-0.18%
2017年06月22日,87.02,86.93,87.36,86.65,12.18M,-0.11%
2017年06月21日,87.12,87.48,87.55,86.76,10.01M,-0.46%
2017年06月20日,87.52,87.75,87.92,87.37,11.20M,-0.62%
2017年06月19日,88.07,86.97,88.23,86.85,15.97M,2.19%
2017年06月16日,86.18,86.85,86.96,86.02,16.94M,-0.45%
2017年06月15日,86.57,86.25,87.08,86.24,12.51M,-0.60%
2017年06月14日,87.09,86.77,87.31,85.82,16.18M,-0.21%
2017年06月13日,87.27,87.55,87.85,86.98,12.56M,0.33%
2017年06月12日,86.98,87.32,87.74,86.29,16.05M,0.02%
2017年06月09日,86.96,85.51,87.05,85.39,19.12M,2.37%
2017年06月08日,84.95,83.91,85.73,83.89,17.95M,1.24%
2017年06月07日,83.91,83.31,84.11,83.10,13.71M,1.15%
2017年06月06日,82.96,82.29,83.22,82.13,12.20M,0.21%
2017年06月05日,82.79,82.64,83.51,82.58,9.08M,0.18%
2017年06月02日,82.64,82.29,82.99,81.98,15.00M,-0.51%
2017年06月01日,83.06,82.46,83.08,81.65,17.12M,1.11%
2017年05月31日,82.15,83.73,83.82,81.64,28.33M,-2.09%
2017年05月30日,83.90,85.13,85.15,83.78,12.60M,-1.71%
2017年05月26日,85.36,85.11,85.56,85.02,8.11M,0.01%
2017年05月25日,85.35,85.99,86.08,85.08,12.24M,-0.42%
2017年05月24日,85.71,85.88,85.97,85.24,9.92M,-0.06%
2017年05月23日,85.76,84.75,86.07,84.51,11.75M,1.25%
2017年05月22日,84.70,85.18,85.29,84.21,11.64M,-0.09%
2017年05月19日,84.78,84.21,85.34,84.15,13.41M,0.98%
2017年05月18日,83.96,84.07,84.80,83.36,23.35M,-0.37%
2017年05月17日,84.27,86.11,86.39,83.97,24.68M,-3.81%
2017年05月16日,87.61,87.36,88.09,87.34,9.79M,0.31%
2017年05月15日,87.34,87.10,87.49,86.86,8.84M,0.48%
2017年05月12日,86.92,86.68,87.05,86.34,8.74M,-0.28%
2017年05月11日,87.16,87.09,87.48,86.35,10.91M,-0.31%
2017年05月10日,87.43,86.53,87.48,86.47,8.33M,0.78%
2017年05月09日,86.75,87.26,87.84,86.50,10.27M,-0.40%
2017年05月08日,87.10,87.04,87.32,86.65,8.16M,0.11%
2017年05月05日,87.00,87.25,87.34,86.42,9.44M,-0.11%
2017年05月04日,87.10,87.69,87.73,86.57,11.54M,0.11%
2017年05月03日,87.00,86.06,87.10,86.02,11.54M,0.58%
2017年05月02日,86.50,86.71,86.88,86.02,14.41M,-0.64%
2017年05月01日,87.06,87.36,87.74,86.56,15.71M,0.07%
2017年04月28日,87.00,87.60,87.85,86.95,10.76M,-0.70%
2017年04月27日,87.61,88.37,88.37,87.01,13.33M,-0.93%
2017年04月26日,88.43,88.35,89.05,88.14,12.83M,0.19%
2017年04月25日,88.26,88.55,89.13,88.26,18.25M,0.87%
2017年04月24日,87.50,86.55,88.05,86.42,25.47M,3.53%
2017年04月21日,84.52,85.50,85.68,84.51,19.82M,-1.20%
2017年04月20日,85.55,84.98,85.78,84.55,15.64M,1.29%
2017年04月19日,84.46,85.50,85.92,84.36,17.59M,-0.82%
2017年04月18日,85.16,85.36,85.63,84.74,14.13M,-0.82%
2017年04月17日,85.86,84.44,86.08,84.37,19.07M,1.73%
2017年04月13日,84.40,85.50,86.99,84.40,30.53M,-1.17%
2017年04月12日,85.40,85.93,85.95,85.03,14.73M,-0.38%
2017年04月11日,85.73,85.54,85.79,84.80,14.69M,-0.17%
2017年04月10日,85.88,86.08,86.69,85.40,15.08M,-0.35%
2017年04月07日,86.18,85.93,86.81,85.71,13.10M,-0.35%
2017年04月06日,86.48,85.98,86.91,85.25,14.38M,0.34%
2017年04月05日,86.19,88.42,88.54,86.13,17.64M,-1.28%
2017年04月04日,87.31,86.89,87.67,86.72,14.28M,-0.24%
2017年04月03日,87.52,87.99,88.17,86.60,19.83M,-0.36%
2017年03月31日,87.84,88.71,88.74,87.75,16.99M,-1.34%
2017年03月30日,89.03,88.20,89.46,88.12,11.63M,0.86%
2017年03月29日,88.27,88.60,88.82,88.08,10.21M,-0.37%
2017年03月28日,88.60,87.02,89.02,86.98,16.26M,1.56%
2017年03月27日,87.24,85.53,87.40,85.23,16.69M,-0.06%
2017年03月24日,87.29,87.79,88.09,86.77,16.09M,-0.11%
2017年03月23日,87.39,87.21,88.50,87.09,16.09M,-0.16%
2017年03月22日,87.53,86.89,88.07,86.01,21.74M,0.16%
2017年03月21日,87.39,90.36,90.64,87.06,33.09M,-2.93%
2017年03月20日,90.03,90.27,91.17,89.79,14.62M,-0.72%
2017年03月17日,90.68,91.83,92.04,90.65,21.73M,-1.05%
2017年03月16日,91.64,92.03,92.81,91.57,14.49M,-0.10%
2017年03月15日,91.73,91.80,92.55,91.13,16.60M,0.24%
2017年03月14日,91.51,91.02,91.65,90.77,10.24M,0.16%
2017年03月13日,91.36,91.31,91.78,90.93,10.00M,0.09%
2017年03月10日,91.28,91.95,92.00,90.53,13.73M,-0.32%
2017年03月09日,91.57,91.60,92.14,91.15,13.73M,0.39%
2017年03月08日,91.21,92.68,92.85,91.10,17.38M,-0.22%
2017年03月07日,91.41,91.64,92.09,91.21,11.16M,-0.55%
2017年03月06日,91.92,92.25,92.32,91.10,15.06M,-0.95%
2017年03月03日,92.80,92.23,93.11,92.19,12.86M,0.72%
2017年03月02日,92.14,93.87,93.92,92.03,16.86M,-1.56%
2017年03月01日,93.60,92.79,93.98,92.61,24.45M,3.29%
2017年02月28日,90.62,89.84,90.82,89.58,15.18M,0.21%
2017年02月27日,90.43,90.32,90.72,90.02,12.36M,0.11%
2017年02月24日,90.33,90.18,90.54,89.73,15.06M,-0.88%
2017年02月23日,91.13,91.18,91.34,90.52,11.07M,0.08%
2017年02月22日,91.06,90.52,91.30,90.42,11.84M,0.05%
2017年02月21日,91.01,90.51,91.15,90.46,14.07M,0.86%
2017年02月17日,90.23,89.82,90.47,89.69,15.78M,-0.33%
2017年02月16日,90.53,90.40,91.04,89.77,17.67M,-0.07%
2017年02月15日,90.59,90.08,90.87,89.35,17.38M,1.15%
2017年02月14日,89.56,88.30,89.70,88.11,17.93M,1.60%
2017年02月13日,88.15,87.44,88.74,87.43,18.74M,1.32%
2017年02月10日,87.00,87.48,87.48,86.89,10.99M,-0.23%
2017年02月09日,87.20,86.42,87.33,86.13,13.75M,1.44%
2017年02月08日,85.96,86.18,86.31,85.37,13.97M,-0.88%
2017年02月07日,86.72,87.14,87.40,86.48,9.39M,-0.06%
2017年02月06日,86.77,86.79,87.45,86.61,11.83M,-0.47%
2017年02月03日,87.18,86.19,87.31,85.86,17.89M,3.06%
2017年02月02日,84.59,84.34,84.91,84.16,11.08M,-0.42%
2017年02月01日,84.95,85.54,86.10,84.68,15.43M,0.38%
2017年01月31日,84.63,85.60,86.15,84.09,15.66M,-1.63%
2017年01月30日,86.03,86.19,86.50,85.32,13.66M,-1.04%
2017年01月27日,86.93,86.66,86.98,86.27,12.54M,0.21%
2017年01月26日,86.75,85.95,86.95,85.95,15.96M,0.84%
2017年01月25日,86.03,85.84,86.17,85.17,17.55M,1.55%
2017年01月24日,84.72,83.92,85.00,83.56,15.18M,1.21%
2017年01月23日,83.71,83.30,84.00,83.20,12.18M,0.05%
2017年01月20日,83.67,83.43,83.83,83.28,18.44M,0.44%
2017年01月19日,83.30,84.06,84.67,83.12,16.56M,-0.76%
2017年01月18日,83.94,83.63,84.23,83.03,21.27M,0.47%
2017年01月17日,83.55,84.93,85.22,83.28,30.02M,-3.63%
2017年01月13日,86.70,87.11,88.17,86.10,28.30M,0.53%
2017年01月12日,86.24,86.76,87.27,86.02,21.34M,-0.96%
2017年01月11日,87.08,86.43,87.08,85.91,14.71M,0.75%
2017年01月10日,86.43,86.07,86.90,85.72,13.99M,0.29%
2017年01月09日,86.18,85.73,86.77,85.52,12.81M,0.07%
2017年01月06日,86.12,86.39,86.62,85.94,12.89M,0.01%
2017年01月05日,86.11,86.81,87.11,85.26,14.30M,-0.92%
2017年01月04日,86.91,86.96,87.18,86.40,15.27M,-0.37%
2017年01月03日,87.23,87.34,87.76,85.98,20.55M,1.09%
2016年12月30日,86.29,86.10,86.42,85.66,13.62M,0.47%
2016年12月29日,85.89,86.58,86.67,85.04,14.69M,-0.71%
2016年12月28日,86.50,87.16,87.39,86.35,9.46M,-0.72%
2016年12月27日,87.13,87.05,87.16,86.75,6.95M,0.09%
2016年12月23日,87.05,87.00,87.15,86.40,10.76M,0.18%
2016年12月22日,86.89,86.44,87.17,86.21,13.92M,0.16%
2016年12月21日,86.75,86.43,86.81,86.03,11.40M,0.25%
2016年12月20日,86.53,85.79,86.54,85.55,14.59M,1.29%
2016年12月19日,85.43,84.80,85.44,84.19,21.69M,0.58%
2016年12月16日,84.94,86.29,86.29,84.89,23.01M,-1.23%
2016年12月15日,86.00,85.40,86.49,84.90,19.44M,1.50%
2016年12月14日,84.73,83.88,86.12,83.76,22.62M,-0.04%
2016年12月13日,84.76,84.98,85.67,83.82,16.67M,0.04%
2016年12月12日,84.73,85.36,85.79,84.29,14.51M,-0.89%
2016年12月09日,85.49,85.02,85.50,84.14,14.57M,0.43%
2016年12月08日,85.12,84.23,85.50,83.94,20.84M,1.25%
2016年12月07日,84.07,83.55,84.09,82.85,19.00M,0.45%
2016年12月06日,83.69,83.60,83.81,82.43,16.13M,0.52%
2016年12月05日,83.26,82.30,83.29,82.29,18.53M,2.03%
2016年12月02日,81.60,81.80,81.83,80.90,16.93M,-0.23%
2016年12月01日,81.79,80.65,82.28,80.65,23.82M,2.02%
2016年11月30日,80.17,79.92,80.53,79.70,25.35M,1.58%
2016年11月29日,78.92,78.39,79.16,78.39,14.14M,0.77%
2016年11月28日,78.32,78.18,78.87,78.02,13.01M,-0.65%
2016年11月25日,78.83,79.10,79.45,78.47,6.19M,-0.04%
2016年11月23日,78.86,78.87,79.24,77.89,13.40M,0.42%
2016年11月22日,78.53,78.34,78.56,77.76,14.41M,0.61%
2016年11月21日,78.05,78.00,78.17,77.29,11.98M,0.44%
2016年11月18日,77.71,77.96,78.42,77.55,19.77M,-0.40%
2016年11月17日,78.02,77.93,78.45,77.60,19.31M,0.80%
2016年11月16日,77.40,78.22,78.35,76.88,26.05M,-2.47%
2016年11月15日,79.36,78.37,79.41,77.78,28.13M,-0.19%
2016年11月14日,79.51,77.25,80.44,77.25,46.13M,3.68%
2016年11月11日,76.69,76.30,76.72,75.77,27.57M,0.05%
2016年11月10日,76.65,74.22,77.25,74.22,56.19M,4.64%
2016年11月09日,73.25,71.46,74.15,71.32,50.95M,4.60%
2016年11月08日,70.03,69.70,70.55,69.24,17.53M,0.21%
2016年11月07日,69.88,69.08,69.97,69.00,16.52M,3.13%
2016年11月04日,67.76,68.49,68.56,67.64,13.57M,-0.91%
2016年11月03日,68.38,68.86,69.19,68.22,10.37M,-0.44%
2016年11月02日,68.68,68.65,68.85,68.01,12.45M,-0.42%
2016年11月01日,68.97,69.48,69.78,68.33,15.56M,-0.42%
2016年10月31日,69.26,69.43,69.58,69.23,14.34M,0.22%
2016年10月28日,69.11,69.53,69.55,68.47,12.77M,-0.17%
2016年10月27日,69.23,69.49,69.77,69.10,14.21M,0.14%
2016年10月26日,69.13,68.37,69.25,68.37,9.80M,0.48%
2016年10月25日,68.80,68.88,68.93,68.38,9.95M,-0.10%
2016年10月24日,68.87,68.97,69.05,68.50,10.20M,0.55%
2016年10月21日,68.49,67.81,68.53,67.70,12.18M,0.34%
2016年10月20日,68.26,68.08,68.68,67.94,14.12M,-0.13%
2016年10月19日,68.35,67.81,68.50,67.81,12.71M,0.96%
2016年10月18日,67.70,67.85,68.21,67.54,11.87M,0.79%
2016年10月17日,67.17,67.42,67.79,66.73,14.96M,-0.52%
2016年10月14日,67.52,68.80,69.03,67.30,24.16M,-0.32%
2016年10月13日,67.74,67.46,67.87,66.82,17.89M,-0.57%
2016年10月12日,68.13,68.26,68.59,68.05,11.90M,-0.26%
2016年10月11日,68.31,68.50,68.82,67.93,15.66M,-0.48%
2016年10月10日,68.64,68.34,69.06,68.23,13.03M,0.78%
2016年10月07日,68.11,67.79,68.18,67.40,18.50M,0.35%
2016年10月06日,67.87,67.73,67.97,67.05,17.48M,0.27%
2016年10月05日,67.69,66.89,68.07,66.80,16.28M,1.64%
2016年10月04日,66.60,66.21,67.18,66.10,17.23M,0.14%
2016年10月03日,66.51,66.35,66.92,66.26,14.90M,-0.12%
2016年09月30日,66.59,66.08,67.06,66.08,21.68M,1.43%
2016年09月29日,65.65,66.70,67.21,65.35,18.73M,-1.59%
2016年09月28日,66.71,66.58,66.77,65.99,11.28M,0.53%
2016年09月27日,66.36,65.41,66.41,65.11,13.71M,0.88%
2016年09月26日,65.78,66.60,66.80,65.54,16.41M,-2.19%
2016年09月23日,67.25,67.39,67.90,67.18,13.97M,-0.21%
2016年09月22日,67.39,66.99,67.42,66.84,12.78M,0.82%
2016年09月21日,66.84,66.84,67.13,66.31,14.12M,0.57%
2016年09月20日,66.46,66.75,66.85,66.24,10.09M,0.41%
2016年09月19日,66.19,66.15,66.64,65.85,13.47M,0.56%
2016年09月16日,65.82,66.09,66.26,65.44,25.16M,-1.23%
2016年09月15日,66.64,66.29,66.93,66.09,12.64M,0.36%
2016年09月14日,66.40,66.27,67.25,66.21,12.65M,-0.20%
2016年09月13日,66.53,66.11,66.86,65.82,18.88M,-0.79%
2016年09月12日,67.06,66.14,67.30,65.76,16.45M,0.62%
2016年09月09日,66.65,67.03,67.43,66.64,19.69M,-0.89%
2016年09月08日,67.25,67.22,67.68,67.00,12.25M,0.13%
2016年09月07日,67.16,67.16,67.59,66.96,10.07M,-0.42%
2016年09月06日,67.44,67.50,67.55,66.71,16.65M,-0.07%
2016年09月02日,67.49,67.40,67.58,66.98,13.72M,0.42%
2016年09月01日,67.21,67.64,67.72,66.65,12.23M,-0.43%
2016年08月31日,67.50,67.46,67.77,66.86,14.95M,0.00%
2016年08月30日,67.50,66.96,67.59,66.95,13.79M,0.82%
2016年08月29日,66.95,66.49,67.10,66.46,14.58M,1.10%
2016年08月26日,66.22,66.33,66.88,65.84,14.04M,0.23%
2016年08月25日,66.07,65.91,66.14,65.79,9.98M,0.18%
2016年08月24日,65.95,65.99,66.23,65.77,10.17M,0.27%
2016年08月23日,65.77,66.07,66.34,65.76,8.95M,-0.05%
2016年08月22日,65.80,65.75,65.88,65.41,9.06M,-0.09%
2016年08月19日,65.86,65.72,65.91,65.22,9.08M,-0.14%
2016年08月18日,65.95,65.62,65.99,65.53,9.31M,0.09%
2016年08月17日,65.89,65.80,65.98,65.54,11.87M,0.27%
2016年08月16日,65.71,65.36,65.96,65.24,10.13M,-0.02%
2016年08月15日,65.72,65.56,65.83,65.46,8.37M,0.61%
2016年08月12日,65.32,64.97,65.35,64.86,7.69M,-0.21%
2016年08月11日,65.46,65.27,65.69,65.02,9.60M,0.28%
2016年08月10日,65.28,65.92,66.07,65.16,11.56M,-0.90%
2016年08月09日,65.87,66.18,66.28,65.69,10.10M,-0.35%
2016年08月08日,66.10,66.07,66.48,65.84,11.36M,-0.30%
2016年08月05日,66.30,65.14,66.37,65.07,20.75M,2.70%
2016年08月04日,64.56,64.49,64.81,64.27,9.87M,-0.15%
2016年08月03日,64.66,63.69,64.67,63.65,13.12M,1.59%
2016年08月02日,63.65,63.59,64.01,63.38,13.55M,-0.24%
2016年08月01日,63.80,64.15,64.31,63.61,11.42M,-0.27%
2016年07月29日,63.97,63.80,64.29,63.75,13.21M,-0.20%
2016年07月28日,64.10,64.00,64.19,63.72,10.01M,-0.36%
2016年07月27日,64.33,64.08,64.69,64.06,11.81M,0.31%
2016年07月26日,64.13,63.98,64.26,63.71,8.07M,0.41%
2016年07月25日,63.87,63.98,64.17,63.67,8.17M,-0.27%
2016年07月22日,64.04,63.90,64.09,63.60,8.20M,0.55%
2016年07月21日,63.69,64.00,64.18,63.63,9.95M,-0.38%
2016年07月20日,63.93,64.11,64.23,63.71,10.41M,0.11%
2016年07月19日,63.86,63.61,64.10,63.46,9.74M,-0.16%
2016年07月18日,63.96,64.13,64.40,63.90,10.82M,-0.34%
2016年07月15日,64.18,64.75,64.80,63.61,17.61M,0.09%
2016年07月14日,64.12,64.74,64.98,64.05,28.99M,1.52%
2016年07月13日,63.16,63.08,63.43,62.64,18.53M,-0.06%
2016年07月12日,63.20,63.03,63.56,62.89,16.59M,1.49%
2016年07月11日,62.27,62.42,62.95,62.14,13.15M,0.71%
2016年07月08日,61.83,61.33,62.17,61.33,17.00M,2.06%
2016年07月07日,60.58,60.52,61.14,60.16,13.77M,0.65%
2016年07月06日,60.19,59.01,60.29,58.76,20.43M,1.07%
2016年07月05日,59.55,60.45,60.60,59.10,23.36M,-2.79%
2016年07月01日,61.26,61.52,62.01,61.16,14.22M,-1.42%
2016年06月30日,62.14,61.63,62.19,61.02,21.34M,1.54%
2016年06月29日,61.20,60.36,61.21,60.00,21.48M,2.82%
2016年06月28日,59.52,59.19,59.55,58.26,29.09M,3.32%
2016年06月27日,57.61,58.71,58.75,57.05,37.93M,-3.34%
2016年06月24日,59.60,60.48,61.70,59.34,44.11M,-6.95%
2016年06月23日,64.05,63.70,64.15,63.53,16.58M,2.14%
2016年06月22日,62.71,62.95,63.71,62.68,12.64M,-0.38%
2016年06月21日,62.95,62.73,63.00,62.14,11.61M,0.93%
2016年06月20日,62.37,63.45,63.85,62.34,12.21M,0.14%
2016年06月17日,62.28,62.30,62.71,61.93,15.75M,0.10%
2016年06月16日,62.22,61.45,62.30,60.90,16.79M,0.40%
2016年06月15日,61.97,62.41,62.98,61.91,16.98M,-0.18%
2016年06月14日,62.08,62.68,63.47,61.68,19.51M,-1.88%
2016年06月13日,63.27,63.48,64.34,63.26,14.38M,-0.89%
2016年06月10日,63.84,63.93,64.07,63.58,16.68M,-1.41%
2016年06月09日,64.75,64.79,64.90,64.27,10.82M,-0.77%
2016年06月08日,65.25,64.93,65.48,64.92,9.43M,0.29%
2016年06月07日,65.06,65.45,65.74,65.04,9.92M,-0.34%
2016年06月06日,65.28,64.64,65.76,64.60,13.19M,0.99%
2016年06月03日,64.64,64.25,64.86,63.55,20.26M,-1.78%
2016年06月02日,65.81,65.52,65.81,65.16,10.64M,0.18%
2016年06月01日,65.69,64.76,65.92,64.26,14.03M,0.64%
2016年05月31日,65.27,65.73,65.82,64.96,15.14M,-0.24%
2016年05月27日,65.43,65.21,65.46,65.05,10.12M,0.62%
2016年05月26日,65.03,65.57,65.58,64.91,9.43M,-0.75%
2016年05月25日,65.52,64.94,66.20,64.92,18.94M,1.52%
2016年05月24日,64.54,63.94,64.77,63.81,13.84M,1.70%
2016年05月23日,63.46,63.45,63.87,63.16,9.35M,-0.08%
2016年05月20日,63.51,63.86,64.19,63.37,11.86M,0.19%
2016年05月19日,63.39,63.53,64.22,62.90,16.08M,-1.01%
2016年05月18日,64.04,61.70,64.17,61.69,24.05M,3.86%
2016年05月17日,61.66,61.43,62.16,61.15,12.18M,0.00%
2016年05月16日,61.66,61.21,61.98,61.00,10.95M,0.75%
2016年05月13日,61.20,61.70,62.40,61.02,15.12M,-0.92%
2016年05月12日,61.77,62.27,62.56,61.37,11.07M,-0.06%
2016年05月11日,61.81,61.97,62.60,61.81,11.25M,-0.37%
2016年05月10日,62.04,61.55,62.26,61.35,11.90M,1.36%
2016年05月09日,61.21,61.37,61.89,61.05,11.20M,-0.63%
2016年05月06日,61.60,60.70,61.68,60.59,11.06M,0.59%
2016年05月05日,61.24,61.60,61.99,61.06,14.03M,-0.54%
2016年05月04日,61.57,61.75,62.26,61.27,17.03M,-1.58%
2016年05月03日,62.56,62.90,62.91,61.80,19.12M,-1.93%
2016年05月02日,63.79,63.69,64.00,63.14,10.25M,0.93%
2016年04月29日,63.20,63.09,63.61,62.70,16.38M,-0.63%
2016年04月28日,63.60,63.64,64.42,63.35,12.85M,-0.80%
2016年04月27日,64.11,63.86,64.64,63.60,15.28M,0.28%
2016年04月26日,63.93,63.81,64.07,63.33,12.05M,0.52%
2016年04月25日,63.60,63.60,63.95,63.15,10.69M,-0.58%
2016年04月22日,63.97,63.64,64.38,63.64,12.44M,0.58%
2016年04月21日,63.60,64.26,64.66,63.34,15.40M,-1.00%
2016年04月20日,64.24,63.48,64.31,63.15,14.59M,1.45%
2016年04月19日,63.32,62.55,63.48,62.55,19.26M,1.69%
2016年04月18日,62.27,61.64,62.58,61.53,13.81M,0.65%
2016年04月15日,61.87,62.88,62.90,61.45,19.29M,-1.15%
2016年04月14日,62.59,61.69,62.91,61.60,24.25M,1.29%
2016年04月13日,61.79,60.48,62.16,60.38,37.52M,4.23%
2016年04月12日,59.28,58.34,59.39,58.20,17.78M,1.86%
2016年04月11日,58.20,57.91,58.88,57.91,17.63M,0.80%
2016年04月08日,57.74,57.71,58.58,57.69,13.55M,0.73%
2016年04月07日,57.32,58.26,58.43,57.06,19.23M,-2.53%
2016年04月06日,58.81,58.18,58.88,57.95,12.17M,0.77%
2016年04月05日,58.36,58.59,58.83,58.21,12.89M,-1.42%
2016年04月04日,59.20,59.44,59.56,58.96,12.31M,-1.12%
2016年04月01日,59.87,59.02,60.06,58.56,15.42M,1.10%
2016年03月31日,59.22,59.45,59.93,59.11,14.90M,-0.82%
2016年03月30日,59.71,59.46,60.23,59.38,13.31M,1.15%
2016年03月29日,59.03,59.33,59.33,58.53,15.93M,-0.62%
2016年03月28日,59.40,59.53,59.75,59.18,11.16M,-0.13%
2016年03月24日,59.48,59.30,59.51,58.87,12.92M,-0.77%
2016年03月23日,59.94,60.34,60.51,59.86,11.66M,-0.50%
2016年03月22日,60.24,59.99,60.58,59.62,12.04M,-0.36%
2016年03月21日,60.46,60.22,60.82,59.96,12.68M,-0.03%
2016年03月18日,60.48,60.05,60.97,59.66,29.57M,2.94%
2016年03月17日,58.75,58.77,59.13,57.99,19.41M,-0.29%
2016年03月16日,58.92,58.98,59.75,58.47,17.42M,-0.47%
2016年03月15日,59.20,58.54,59.21,58.43,10.91M,0.14%
2016年03月14日,59.12,59.15,59.31,58.60,13.44M,-0.37%
2016年03月11日,59.34,59.39,59.51,58.65,21.05M,1.25%
2016年03月10日,58.61,59.59,59.67,57.81,21.14M,-0.86%
2016年03月09日,59.12,59.15,59.54,58.68,13.24M,0.58%
2016年03月08日,58.78,59.21,59.50,58.68,14.13M,-1.94%
2016年03月07日,59.94,59.54,60.05,59.32,12.83M,-0.18%
2016年03月04日,60.05,60.10,60.55,59.53,18.46M,0.15%
2016年03月03日,59.96,59.58,59.96,59.10,15.79M,0.33%
2016年03月02日,59.76,59.20,59.90,58.96,20.94M,0.95%
2016年03月01日,59.20,56.76,59.20,56.67,23.96M,5.15%
2016年02月29日,56.30,57.41,57.60,56.29,19.55M,-2.16%
2016年02月26日,57.54,57.64,58.11,57.14,20.95M,0.93%
2016年02月25日,57.01,56.13,57.03,56.04,14.47M,1.55%
2016年02月24日,56.14,55.20,56.21,54.33,25.56M,0.04%
2016年02月23日,56.12,57.90,58.09,55.96,31.77M,-4.18%
2016年02月22日,58.57,58.51,58.88,58.42,14.88M,1.30%
2016年02月19日,57.82,57.50,58.17,57.08,15.66M,0.02%
2016年02月18日,57.81,58.84,58.86,57.25,17.04M,-1.63%
2016年02月17日,58.77,58.85,59.25,58.39,21.58M,0.72%
2016年02月16日,58.35,58.23,58.60,57.64,23.73M,1.50%
2016年02月12日,57.49,55.65,57.57,55.17,37.01M,8.33%
2016年02月11日,53.07,53.90,53.91,52.50,44.33M,-4.41%
2016年02月10日,55.52,56.57,57.41,55.47,22.39M,-1.21%
2016年02月09日,56.20,55.29,56.69,55.13,26.30M,-0.60%
2016年02月08日,56.54,56.69,56.92,55.53,28.27M,-2.10%
2016年02月05日,57.75,58.58,59.14,57.42,22.00M,-1.11%
2016年02月04日,58.40,57.06,58.52,57.06,21.65M,1.72%
2016年02月03日,57.41,57.37,57.80,55.02,31.54M,0.67%
2016年02月02日,57.03,57.88,57.98,56.75,22.45M,-3.11%
2016年02月01日,58.86,59.16,59.65,58.44,16.81M,-1.08%
2016年01月29日,59.50,57.83,59.54,57.51,26.99M,3.88%
2016年01月28日,57.28,57.52,57.97,56.63,15.50M,0.42%
2016年01月27日,57.04,57.08,58.27,56.56,20.56M,-0.07%
2016年01月26日,57.08,55.85,57.15,55.81,17.54M,2.55%
2016年01月25日,55.66,56.48,56.85,55.60,21.11M,-2.27%
2016年01月22日,56.95,56.44,57.16,56.30,22.73M,3.08%
2016年01月21日,55.25,55.74,56.52,55.06,31.30M,-0.47%
2016年01月20日,55.51,55.63,56.18,54.66,34.65M,-2.63%
2016年01月19日,57.01,57.73,57.97,56.51,22.82M,-0.05%
2016年01月15日,57.04,56.45,57.57,56.22,38.13M,-1.99%
2016年01月14日,58.20,58.16,59.38,57.29,31.30M,1.50%
2016年01月13日,57.34,59.46,59.67,56.91,28.81M,-2.75%
2016年01月12日,58.96,59.45,59.56,58.10,22.97M,0.22%
2016年01月11日,58.83,58.83,59.22,58.04,20.93M,-0.15%
2016年01月08日,58.92,61.13,61.27,58.85,22.37M,-2.24%
2016年01月07日,60.27,61.46,62.00,60.08,27.63M,-4.04%
2016年01月06日,62.81,62.72,63.12,62.34,22.96M,-1.44%
2016年01月05日,63.73,63.70,64.13,63.04,16.57M,0.17%
2016年01月04日,63.62,63.95,64.06,63.01,25.39M,-3.65%
2015年12月31日,66.03,66.19,66.78,66.00,14.65M,-0.84%
2015年12月30日,66.59,67.04,67.05,66.45,7.19M,-0.72%
2015年12月29日,67.07,66.84,67.30,66.74,9.82M,1.04%
2015年12月28日,66.38,66.29,66.45,65.71,6.61M,-0.33%
2015年12月24日,66.60,66.62,66.89,66.32,4.47M,-0.19%
2015年12月23日,66.73,66.12,66.85,66.05,12.52M,1.60%
2015年12月22日,65.68,65.92,66.00,64.98,12.15M,0.21%
2015年12月21日,65.54,65.02,65.56,64.83,18.87M,1.77%
2015年12月18日,64.40,65.97,65.97,64.40,23.82M,-2.84%
2015年12月17日,66.28,67.90,68.00,66.08,18.12M,-1.85%
2015年12月16日,67.53,66.91,67.74,65.91,21.72M,2.16%
2015年12月15日,66.10,65.07,66.65,65.07,18.13M,2.85%
2015年12月14日,64.27,64.23,64.75,63.60,17.64M,0.31%
2015年12月11日,64.07,64.80,65.16,63.51,17.89M,-2.35%
2015年12月10日,65.61,65.54,66.50,65.08,12.84M,0.23%
2015年12月09日,65.46,65.61,66.58,65.04,16.77M,-0.76%
2015年12月08日,65.96,66.25,66.96,65.70,13.08M,-1.55%
2015年12月07日,67.00,67.66,67.75,66.40,11.69M,-1.31%
2015年12月04日,67.89,66.10,68.00,66.03,17.79M,3.18%
2015年12月03日,65.80,66.83,67.03,65.58,14.63M,-1.29%
2015年12月02日,66.66,67.83,67.88,66.48,13.44M,-1.41%
2015年12月01日,67.61,67.34,67.83,66.99,12.71M,1.39%
2015年11月30日,66.68,67.28,67.52,66.68,15.15M,-0.73%
2015年11月27日,67.17,67.00,67.33,66.64,4.05M,0.46%
2015年11月25日,66.86,66.93,67.12,66.55,7.77M,0.12%
2015年11月24日,66.78,66.17,67.14,66.04,10.91M,-0.15%
2015年11月23日,66.88,67.31,67.58,66.78,11.34M,-0.98%
2015年11月20日,67.54,67.99,68.11,67.38,11.21M,-0.18%
2015年11月19日,67.66,67.58,67.82,67.04,12.84M,0.31%
2015年11月18日,67.45,66.48,67.55,66.37,12.91M,2.00%
2015年11月17日,66.13,66.67,66.74,65.89,12.35M,-0.57%
2015年11月16日,66.51,65.46,66.58,65.17,11.04M,1.45%
2015年11月13日,65.56,65.84,66.17,65.23,11.84M,-0.67%
2015年11月12日,66.00,66.86,66.90,65.95,13.58M,-2.00%
2015年11月11日,67.35,68.10,68.17,67.25,8.51M,-0.49%
2015年11月10日,67.68,67.19,67.85,66.93,13.24M,0.43%
2015年11月09日,67.39,68.70,68.72,67.08,17.14M,-1.56%
2015年11月06日,68.46,68.37,69.03,68.10,23.26M,3.04%
2015年11月05日,66.44,65.79,66.67,65.75,12.72M,0.90%
2015年11月04日,65.85,66.01,66.15,65.63,11.39M,0.11%
2015年11月03日,65.78,65.29,66.10,65.17,11.52M,0.37%
2015年11月02日,65.54,64.45,65.75,64.39,15.25M,2.01%
2015年10月30日,64.25,65.30,65.34,64.13,15.73M,-1.47%
2015年10月29日,65.21,65.26,65.83,64.88,12.75M,-0.44%
2015年10月28日,65.50,63.70,65.74,63.69,17.96M,2.92%
2015年10月27日,63.64,63.53,63.86,63.31,8.83M,-0.41%
2015年10月26日,63.90,63.84,63.99,63.41,13.88M,0.05%
2015年10月23日,63.87,63.63,64.19,63.50,16.99M,1.08%
2015年10月22日,63.19,62.42,63.58,62.42,15.30M,1.82%
2015年10月21日,62.06,62.88,62.96,62.05,12.17M,-0.74%
2015年10月20日,62.52,62.36,62.81,62.08,11.55M,0.48%
2015年10月19日,62.22,62.00,62.77,61.91,14.51M,-0.34%
2015年10月16日,62.43,62.43,62.65,62.09,17.46M,0.87%
2015年10月15日,61.89,60.47,61.96,60.10,18.15M,3.17%
2015年10月14日,59.99,60.76,60.97,59.54,28.99M,-2.53%
2015年10月13日,61.55,61.39,62.16,61.31,15.62M,-0.28%
2015年10月12日,61.72,61.84,62.01,61.40,10.86M,-0.34%
2015年10月09日,61.93,62.39,62.55,61.58,12.11M,-0.32%
2015年10月08日,62.13,61.85,62.25,61.43,13.96M,0.00%
2015年10月07日,62.13,62.55,63.03,61.76,12.82M,0.13%
2015年10月06日,62.05,62.11,62.36,61.62,12.13M,0.05%
2015年10月05日,62.02,61.24,62.24,61.22,13.47M,1.99%
2015年10月02日,60.81,59.59,60.86,58.53,20.44M,-0.99%
2015年10月01日,61.42,61.12,61.87,60.54,16.86M,0.74%
2015年09月30日,60.97,60.70,61.00,60.11,18.74M,1.89%
2015年09月29日,59.84,59.98,60.13,58.73,19.33M,-0.23%
2015年09月28日,59.98,60.92,61.01,59.69,17.45M,-2.42%
2015年09月25日,61.47,61.27,61.86,60.87,18.38M,2.08%
2015年09月24日,60.22,60.01,60.38,59.46,17.29M,-0.69%
2015年09月23日,60.64,60.80,61.15,60.32,11.71M,-0.44%
2015年09月22日,60.91,60.60,61.09,60.42,14.81M,-0.88%
2015年09月21日,61.45,61.52,61.91,61.08,13.14M,0.84%
2015年09月18日,60.94,61.83,61.83,60.78,31.01M,-2.73%
2015年09月17日,62.65,64.14,64.64,62.39,21.25M,-2.32%
2015年09月16日,64.14,63.89,64.29,63.21,12.24M,0.88%
2015年09月15日,63.58,62.76,63.89,62.51,14.02M,1.92%
2015年09月14日,62.38,62.64,62.69,62.12,10.20M,-0.29%
2015年09月11日,62.56,62.38,62.66,61.99,12.77M,-0.16%
2015年09月10日,62.66,61.86,62.99,61.45,15.75M,0.77%
2015年09月09日,62.18,63.94,64.34,62.00,13.89M,-1.55%
2015年09月08日,63.16,62.77,63.20,62.33,13.39M,2.70%
2015年09月04日,61.50,61.80,61.92,60.75,20.19M,-1.88%
2015年09月03日,62.68,62.88,63.66,62.45,17.07M,0.18%
2015年09月02日,62.57,62.62,62.91,61.54,17.76M,1.82%
2015年09月01日,61.45,62.85,62.85,60.99,23.64M,-4.13%
2015年08月31日,64.10,63.61,64.35,63.47,14.22M,-0.05%
2015年08月28日,64.13,64.29,64.46,63.60,16.69M,-0.54%
2015年08月27日,64.48,63.98,64.73,63.13,29.05M,2.50%
2015年08月26日,62.91,61.80,62.98,60.55,33.58M,5.01%
2015年08月25日,59.91,63.10,63.32,59.73,31.77M,-0.56%
2015年08月24日,60.25,59.29,62.92,50.07,36.34M,-5.27%
2015年08月21日,63.60,65.09,65.44,63.57,28.24M,-3.55%
2015年08月20日,65.94,66.81,67.04,65.94,20.97M,-2.46%
2015年08月19日,67.60,67.93,68.31,67.36,15.20M,-0.89%
2015年08月18日,68.21,67.98,68.36,67.84,10.62M,0.21%
2015年08月17日,68.07,67.62,68.24,67.40,10.33M,0.27%
2015年08月14日,67.89,67.42,67.91,67.40,11.25M,0.50%
2015年08月13日,67.55,67.25,67.80,66.97,11.93M,0.46%
2015年08月12日,67.24,67.41,67.55,66.07,21.15M,-1.45%
2015年08月11日,68.23,68.23,68.40,67.85,14.80M,-0.96%
2015年08月10日,68.89,68.22,69.00,68.22,12.66M,1.23%
2015年08月07日,68.05,68.33,68.74,67.55,11.45M,-0.29%
2015年08月06日,68.25,68.75,68.94,68.00,10.80M,-0.70%
2015年08月05日,68.73,69.05,69.42,68.56,11.30M,0.39%
2015年08月04日,68.46,68.47,68.95,68.31,10.96M,-0.10%
2015年08月03日,68.53,68.59,68.84,68.00,9.98M,0.00%
2015年07月31日,68.53,69.01,69.04,68.40,11.91M,-0.74%
2015年07月30日,69.04,68.93,69.45,68.54,10.20M,0.15%
2015年07月29日,68.94,68.32,69.10,68.16,13.06M,1.31%
2015年07月28日,68.05,68.55,68.60,67.77,14.93M,0.06%
2015年07月27日,68.01,68.15,68.22,67.57,16.80M,-1.31%
2015年07月24日,68.91,69.44,69.56,68.68,12.41M,-1.05%
2015年07月23日,69.64,70.19,70.61,69.46,14.33M,-0.63%
2015年07月22日,70.08,69.28,70.29,69.20,15.49M,1.42%
2015年07月21日,69.10,69.16,69.54,68.87,11.66M,-0.23%
2015年07月20日,69.26,69.50,69.77,69.18,11.51M,0.07%
2015年07月17日,69.21,69.35,69.49,68.92,14.04M,-0.50%
2015年07月16日,69.56,69.63,69.95,69.41,18.04M,0.53%
2015年07月15日,69.19,69.23,69.43,68.85,16.89M,0.22%
2015年07月14日,69.04,67.98,69.10,67.76,20.19M,1.40%
2015年07月13日,68.09,67.89,68.14,67.68,16.18M,1.55%
2015年07月10日,67.05,67.22,67.40,66.83,12.36M,1.42%
2015年07月09日,66.11,66.49,66.70,65.99,14.98M,1.04%
2015年07月08日,65.43,66.00,66.16,65.20,17.71M,-2.05%
2015年07月07日,66.80,67.09,67.22,65.30,22.42M,-0.79%
2015年07月06日,67.33,66.88,67.46,66.54,13.53M,-0.28%
2015年07月02日,67.52,67.95,68.13,67.19,12.82M,-0.81%
2015年07月01日,68.07,68.12,68.39,67.78,13.96M,0.46%
